Workbook

Sheet Guide
A1: SDAIA Academy — Success Story Publication Prioritization Framework
A2: Scores and ranks all 168 validated success stories to decide which are published first · data as of 7 Oct 2026 (SuccessStories/website/js/data.js)
A5: How to use
A6: 1 | B6: Adjust the criterion weights on the Weights sheet (yellow cells). Scores, ranks, tiers and the Top 30 update automatically.
A7: 2 | B7: Override any criterion score (0–5) on the Scoring sheet if you disagree with the assessment. Blue values are editable inputs.
A8: 3 | B8: Use the Editorial Adj. column (−10 to +10 points) to lift or lower a story for slate balance, e.g. to cap stories from one employer.
A9: 4 | B9: Set Hold Flag to "Yes" to remove a story from the ranking until its issue is resolved; it moves to "Hold – resolve flag".
A10: 5 | B10: Read the Top 30 sheet for the publication queue and the Pre-publication Actions column for what each story needs before going live.
A11: 6 | B11: Set Added to Queue to "Yes" on the Scoring sheet to put a story in the Priority Queue regardless of its rank; it is tiered at least Tier 2 – Priority.
A13: Colour legend
A14: Blue text, yellow fill | B14: Editable input (weights, criterion scores, adjustments, hold flags, tier cut-offs)
A15: Black text | B15: Formula — do not overwrite
A16: Green text | B16: Link pulled from another sheet
A18: Publishing tiers
A19: Tier 1 – Flagship launch | B19: Ranks 1–10. Lead the launch; homepage, press and executive reporting.
A20: Tier 2 – Priority | B20: Ranks 11–30, plus any story added to the queue by hand (Added to Queue = Yes). Publish in the following fortnightly batches; social media features.
A21: Tier 3 – Standard rotation | B21: Ranks 31–80. Rolling publication on the Success Stories page.
A22: Tier 4 – Reserve | B22: Rank 81 and below. Published in the catalogue; not featured.
A23: Hold – resolve flag | B23: Legacy gap-flagged stories (authorized exception) and stories with an undisclosed employer. Not featured until resolved.
A25: Method notes
A26: Score | B26: Priority Score = Σ(criterion score × weight) ÷ Σ weights ÷ 5 × 100, plus editorial adjustment, bounded 0–100.
A27: Rank | B27: Eligible stories rank first, by score; ties break by sheet order. Held stories rank after all eligible ones.
A28: Time since training | B28: Interpreted as the months from programme completion to the outcome (shorter scores higher). Cohort recency is scored under Strategic relevance.
A29: Initial scores | B29: Criterion scores were assessed from each story record (role, employer, dates, links, achievements, photo, quote status) using the rubrics on the Weights sheet.
A30: Rationale | B30: The Rationale text is written from the default weights; it does not rewrite itself when weights change.
A31: Added names (7 Oct) | B31: 38 names were added to the queue; all 38 already existed among the 168 stories (no new or duplicate records), and 8 were already in the Top 30. They are flagged Added to Queue = Yes rather than duplicated.
A32: Eligibility basis | B32: SDAIA Success Story Policy v1.0 (14-month criterion). All 168 stories are already validated; this framework only orders them.

Sheet Priority Queue
A1: Priority Queue — Top 30 by score + stories added to the queue
A2: Live from the Scoring sheet, ordered by priority score. Held stories sit at the end. Set "Added to Queue" on the Scoring sheet to add or remove a story.
A3: Stories in queue: | C3: =SUMPRODUCT(--((Scoring!$Z$5:$Z$172<=Weights!$C$19)+(Scoring!$AF$5:$AF$172="Yes")>0)) -> 60
A4: Queue # | B4: Overall Rank | C4: Source | D4: Story ID | E4: Name (AR) | F4: Name (EN) | G4: Employer | H4: Track | I4: Cohort | J4: Months to Outcome | K4: Priority Score | L4: Publishing Tier | M4: Rationale | N4: Pre-publication Actions | O4: Quote Status
A5: =IF(1<=$C$3,1,"") -> 1 | B5: =IF($A5="","",INDEX(Scoring!$Z$5:$Z$172,MATCH(1,Scoring!$AH$5:$AH$172,0))) -> 1 | C5: =IF($A5="","",IF(INDEX(Scoring!$AF$5:$AF$172,MATCH(1,Scoring!$AH$5:$AH$172,0))="Yes",IF(INDEX(Scoring!$Z$5:$Z$172,MATCH(1,Scoring!$AH$5:$AH$172,0))<=Weights!$C$19,"Top 30 + added","Added to queue"),"Top 30 by score")) -> Top 30 by score | D5: =IF($A5="","",INDEX(Scoring!$A$5:$A$172,MATCH(1,Scoring!$AH$5:$AH$172,0))) -> aqeelah-makki | E5: =IF($A5="","",INDEX(Scoring!$B$5:$B$172,MATCH(1,Scoring!$AH$5:$AH$172,0))) -> عقيلة مكي | F5: =IF($A5="","",INDEX(Scoring!$C$5:$C$172,MATCH(1,Scoring!$AH$5:$AH$172,0))) -> Aqeelah Jaffar Makki | G5: =IF($A5="","",INDEX(Scoring!$D$5:$D$172,MATCH(1,Scoring!$AH$5:$AH$172,0))) -> هيوماين (HUMAIN) | H5: =IF($A5="","",INDEX(Scoring!$F$5:$F$172,MATCH(1,Scoring!$AH$5:$AH$172,0))) -> GenAI / NVIDIA | I5: =IF($A5="","",INDEX(Scoring!$G$5:$G$172,MATCH(1,Scoring!$AH$5:$AH$172,0))) -> 2023 | J5: =IF($A5="","",INDEX(Scoring!$H$5:$H$172,MATCH(1,Scoring!$AH$5:$AH$172,0))) -> 1 | K5: =IF($A5="","",INDEX(Scoring!$W$5:$W$172,MATCH(1,Scoring!$AH$5:$AH$172,0))) -> 86.1 | L5: =IF($A5="","",INDEX(Scoring!$AA$5:$AA$172,MATCH(1,Scoring!$AH$5:$AH$172,0))) -> Tier 1 – Flagship launch | M5: =IF($A5="","",INDEX(Scoring!$AB$5:$AB$172,MATCH(1,Scoring!$AH$5:$AH$172,0))) -> Strengths: Employer / company profile 5/5, Employment after training 5/5, Measurable impact 5/5. GenAI / NVIDIA track, cohort 2023; 1 month to outcome. Weak on: Promotion. | N5: =IF($A5="","",INDEX(Scoring!$AD$5:$AD$172,MATCH(1,Scoring!$AH$5:$AH$172,0))) -> Clear draft quote with graduate | O5: =IF($A5="","",INDEX(Scoring!$AE$5:$AE$172,MATCH(1,Scoring!$AH$5:$AH$172,0))) -> Draft
A6: =IF(2<=$C$3,2,"") -> 2 | B6: =IF($A6="","",INDEX(Scoring!$Z$5:$Z$172,MATCH(2,Scoring!$AH$5:$AH$172,0))) -> 2 | C6: =IF($A6="","",IF(INDEX(Scoring!$AF$5:$AF$172,MATCH(2,Scoring!$AH$5:$AH$172,0))="Yes",IF(INDEX(Scoring!$Z$5:$Z$172,MATCH(2,Scoring!$AH$5:$AH$172,0))<=Weights!$C$19,"Top 30 + added","Added to queue"),"Top 30 by score")) -> Top 30 by score | D6: =IF($A6="","",INDEX(Scoring!$A$5:$A$172,MATCH(2,Scoring!$AH$5:$AH$172,0))) -> khaled-almutairy | E6: =IF($A6="","",INDEX(Scoring!$B$5:$B$172,MATCH(2,Scoring!$AH$5:$AH$172,0))) -> خالد المطيري | F6: =IF($A6="","",INDEX(Scoring!$C$5:$C$172,MATCH(2,Scoring!$AH$5:$AH$172,0))) -> Khaled Almutairy | G6: =IF($A6="","",INDEX(Scoring!$D$5:$D$172,MATCH(2,Scoring!$AH$5:$AH$172,0))) -> شركة علم | H6: =IF($A6="","",INDEX(Scoring!$F$5:$F$172,MATCH(2,Scoring!$AH$5:$AH$172,0))) -> GenAI / NVIDIA | I6: =IF($A6="","",INDEX(Scoring!$G$5:$G$172,MATCH(2,Scoring!$AH$5:$AH$172,0))) -> 2025 | J6: =IF($A6="","",INDEX(Scoring!$H$5:$H$172,MATCH(2,Scoring!$AH$5:$AH$172,0))) -> 1 | K6: =IF($A6="","",INDEX(Scoring!$W$5:$W$172,MATCH(2,Scoring!$AH$5:$AH$172,0))) -> 78.7 | L6: =IF($A6="","",INDEX(Scoring!$AA$5:$AA$172,MATCH(2,Scoring!$AH$5:$AH$172,0))) -> Tier 1 – Flagship launch | M6: =IF($A6="","",INDEX(Scoring!$AB$5:$AB$172,MATCH(2,Scoring!$AH$5:$AH$172,0))) -> Strengths: Employer / company profile 5/5, Employment after training 5/5, Specialization 5/5. GenAI / NVIDIA track, cohort 2025; 1 month to outcome. Weak on: Promotion. | N6: =IF($A6="","",INDEX(Scoring!$AD$5:$AD$172,MATCH(2,Scoring!$AH$5:$AH$172,0))) -> Clear draft quote with graduate | O6: =IF($A6="","",INDEX(Scoring!$AE$5:$AE$172,MATCH(2,Scoring!$AH$5:$AH$172,0))) -> Draft
A7: =IF(3<=$C$3,3,"") -> 3 | B7: =IF($A7="","",INDEX(Scoring!$Z$5:$Z$172,MATCH(3,Scoring!$AH$5:$AH$172,0))) -> 3 | C7: =IF($A7="","",IF(INDEX(Scoring!$AF$5:$AF$172,MATCH(3,Scoring!$AH$5:$AH$172,0))="Yes",IF(INDEX(Scoring!$Z$5:$Z$172,MATCH(3,Scoring!$AH$5:$AH$172,0))<=Weights!$C$19,"Top 30 + added","Added to queue"),"Top 30 by score")) -> Top 30 by score | D7: =IF($A7="","",INDEX(Scoring!$A$5:$A$172,MATCH(3,Scoring!$AH$5:$AH$172,0))) -> asma-alzubaidi | E7: =IF($A7="","",INDEX(Scoring!$B$5:$B$172,MATCH(3,Scoring!$AH$5:$AH$172,0))) -> اسماء احمد الزبيدي | F7: =IF($A7="","",INDEX(Scoring!$C$5:$C$172,MATCH(3,Scoring!$AH$5:$AH$172,0))) -> Asma Ahmed Alzubaidi | G7: =IF($A7="","",INDEX(Scoring!$D$5:$D$172,MATCH(3,Scoring!$AH$5:$AH$172,0))) -> جامعة أم القرى | H7: =IF($A7="","",INDEX(Scoring!$F$5:$F$172,MATCH(3,Scoring!$AH$5:$AH$172,0))) -> GenAI / NVIDIA | I7: =IF($A7="","",INDEX(Scoring!$G$5:$G$172,MATCH(3,Scoring!$AH$5:$AH$172,0))) -> 2025 | J7: =IF($A7="","",INDEX(Scoring!$H$5:$H$172,MATCH(3,Scoring!$AH$5:$AH$172,0))) -> 11 | K7: =IF($A7="","",INDEX(Scoring!$W$5:$W$172,MATCH(3,Scoring!$AH$5:$AH$172,0))) -> 75.7 | L7: =IF($A7="","",INDEX(Scoring!$AA$5:$AA$172,MATCH(3,Scoring!$AH$5:$AH$172,0))) -> Tier 1 – Flagship launch | M7: =IF($A7="","",INDEX(Scoring!$AB$5:$AB$172,MATCH(3,Scoring!$AH$5:$AH$172,0))) -> Strengths: Evidence quality 4.5/5, Employment after training 5/5, Employer / company profile 4/5. GenAI / NVIDIA track, cohort 2025; 11 months to outcome. Weak on: Time since training. | N7: =IF($A7="","",INDEX(Scoring!$AD$5:$AD$172,MATCH(3,Scoring!$AH$5:$AH$172,0))) -> Ready | O7: =IF($A7="","",INDEX(Scoring!$AE$5:$AE$172,MATCH(3,Scoring!$AH$5:$AH$172,0))) -> Verified
A8: =IF(4<=$C$3,4,"") -> 4 | B8: =IF($A8="","",INDEX(Scoring!$Z$5:$Z$172,MATCH(4,Scoring!$AH$5:$AH$172,0))) -> 4 | C8: =IF($A8="","",IF(INDEX(Scoring!$AF$5:$AF$172,MATCH(4,Scoring!$AH$5:$AH$172,0))="Yes",IF(INDEX(Scoring!$Z$5:$Z$172,MATCH(4,Scoring!$AH$5:$AH$172,0))<=Weights!$C$19,"Top 30 + added","Added to queue"),"Top 30 by score")) -> Top 30 by score | D8: =IF($A8="","",INDEX(Scoring!$A$5:$A$172,MATCH(4,Scoring!$AH$5:$AH$172,0))) -> farah-alsuwayeh | E8: =IF($A8="","",INDEX(Scoring!$B$5:$B$172,MATCH(4,Scoring!$AH$5:$AH$172,0))) -> فرح السويح | F8: =IF($A8="","",INDEX(Scoring!$C$5:$C$172,MATCH(4,Scoring!$AH$5:$AH$172,0))) -> Farah Alsuwayeh | G8: =IF($A8="","",INDEX(Scoring!$D$5:$D$172,MATCH(4,Scoring!$AH$5:$AH$172,0))) -> السعودية للطاقة | H8: =IF($A8="","",INDEX(Scoring!$F$5:$F$172,MATCH(4,Scoring!$AH$5:$AH$172,0))) -> LLM | I8: =IF($A8="","",INDEX(Scoring!$G$5:$G$172,MATCH(4,Scoring!$AH$5:$AH$172,0))) -> 2023 | J8: =IF($A8="","",INDEX(Scoring!$H$5:$H$172,MATCH(4,Scoring!$AH$5:$AH$172,0))) -> 1 | K8: =IF($A8="","",INDEX(Scoring!$W$5:$W$172,MATCH(4,Scoring!$AH$5:$AH$172,0))) -> 75.3 | L8: =IF($A8="","",INDEX(Scoring!$AA$5:$AA$172,MATCH(4,Scoring!$AH$5:$AH$172,0))) -> Tier 1 – Flagship launch | M8: =IF($A8="","",INDEX(Scoring!$AB$5:$AB$172,MATCH(4,Scoring!$AH$5:$AH$172,0))) -> Strengths: Employer / company profile 5/5, Employment after training 5/5, Specialization 5/5. LLM track, cohort 2023; 1 month to outcome. Weak on: Promotion. | N8: =IF($A8="","",INDEX(Scoring!$AD$5:$AD$172,MATCH(4,Scoring!$AH$5:$AH$172,0))) -> Clear draft quote with graduate | O8: =IF($A8="","",INDEX(Scoring!$AE$5:$AE$172,MATCH(4,Scoring!$AH$5:$AH$172,0))) -> Draft
A9: =IF(5<=$C$3,5,"") -> 5 | B9: =IF($A9="","",INDEX(Scoring!$Z$5:$Z$172,MATCH(5,Scoring!$AH$5:$AH$172,0))) -> 5 | C9: =IF($A9="","",IF(INDEX(Scoring!$AF$5:$AF$172,MATCH(5,Scoring!$AH$5:$AH$172,0))="Yes",IF(INDEX(Scoring!$Z$5:$Z$172,MATCH(5,Scoring!$AH$5:$AH$172,0))<=Weights!$C$19,"Top 30 + added","Added to queue"),"Top 30 by score")) -> Top 30 by score | D9: =IF($A9="","",INDEX(Scoring!$A$5:$A$172,MATCH(5,Scoring!$AH$5:$AH$172,0))) -> hoor-alshihi | E9: =IF($A9="","",INDEX(Scoring!$B$5:$B$172,MATCH(5,Scoring!$AH$5:$AH$172,0))) -> حور الشيحي | F9: =IF($A9="","",INDEX(Scoring!$C$5:$C$172,MATCH(5,Scoring!$AH$5:$AH$172,0))) -> Hoor Al-Shihi | G9: =IF($A9="","",INDEX(Scoring!$D$5:$D$172,MATCH(5,Scoring!$AH$5:$AH$172,0))) -> SITE سايت | H9: =IF($A9="","",INDEX(Scoring!$F$5:$F$172,MATCH(5,Scoring!$AH$5:$AH$172,0))) -> Machine Learning | I9: =IF($A9="","",INDEX(Scoring!$G$5:$G$172,MATCH(5,Scoring!$AH$5:$AH$172,0))) -> 2023 | J9: =IF($A9="","",INDEX(Scoring!$H$5:$H$172,MATCH(5,Scoring!$AH$5:$AH$172,0))) -> n/a | K9: =IF($A9="","",INDEX(Scoring!$W$5:$W$172,MATCH(5,Scoring!$AH$5:$AH$172,0))) -> 75 | L9: =IF($A9="","",INDEX(Scoring!$AA$5:$AA$172,MATCH(5,Scoring!$AH$5:$AH$172,0))) -> Tier 1 – Flagship launch | M9: =IF($A9="","",INDEX(Scoring!$AB$5:$AB$172,MATCH(5,Scoring!$AH$5:$AH$172,0))) -> Strengths: Employment after training 5/5, Measurable impact 5/5, Employer / company profile 4/5. Machine Learning track, cohort 2023; timing dated by year only. Weak on: Career transition. | N9: =IF($A9="","",INDEX(Scoring!$AD$5:$AD$172,MATCH(5,Scoring!$AH$5:$AH$172,0))) -> Clear draft quote with graduate | O9: =IF($A9="","",INDEX(Scoring!$AE$5:$AE$172,MATCH(5,Scoring!$AH$5:$AH$172,0))) -> Draft
A10: =IF(6<=$C$3,6,"") -> 6 | B10: =IF($A10="","",INDEX(Scoring!$Z$5:$Z$172,MATCH(6,Scoring!$AH$5:$AH$172,0))) -> 6 | C10: =IF($A10="","",IF(INDEX(Scoring!$AF$5:$AF$172,MATCH(6,Scoring!$AH$5:$AH$172,0))="Yes",IF(INDEX(Scoring!$Z$5:$Z$172,MATCH(6,Scoring!$AH$5:$AH$172,0))<=Weights!$C$19,"Top 30 + added","Added to queue"),"Top 30 by score")) -> Top 30 + added | D10: =IF($A10="","",INDEX(Scoring!$A$5:$A$172,MATCH(6,Scoring!$AH$5:$AH$172,0))) -> abdulrahman-alqannas | E10: =IF($A10="","",INDEX(Scoring!$B$5:$B$172,MATCH(6,Scoring!$AH$5:$AH$172,0))) -> عبدالرحمن القناص | F10: =IF($A10="","",INDEX(Scoring!$C$5:$C$172,MATCH(6,Scoring!$AH$5:$AH$172,0))) -> Abdulrahman Alqannas | G10: =IF($A10="","",INDEX(Scoring!$D$5:$D$172,MATCH(6,Scoring!$AH$5:$AH$172,0))) -> شركة علم | H10: =IF($A10="","",INDEX(Scoring!$F$5:$F$172,MATCH(6,Scoring!$AH$5:$AH$172,0))) -> LLM | I10: =IF($A10="","",INDEX(Scoring!$G$5:$G$172,MATCH(6,Scoring!$AH$5:$AH$172,0))) -> 2023 | J10: =IF($A10="","",INDEX(Scoring!$H$5:$H$172,MATCH(6,Scoring!$AH$5:$AH$172,0))) -> 11 | K10: =IF($A10="","",INDEX(Scoring!$W$5:$W$172,MATCH(6,Scoring!$AH$5:$AH$172,0))) -> 74 | L10: =IF($A10="","",INDEX(Scoring!$AA$5:$AA$172,MATCH(6,Scoring!$AH$5:$AH$172,0))) -> Tier 1 – Flagship launch | M10: =IF($A10="","",INDEX(Scoring!$AB$5:$AB$172,MATCH(6,Scoring!$AH$5:$AH$172,0))) -> Strengths: Evidence quality 4.2/5, Employer / company profile 5/5, Employment after training 5/5. LLM track, cohort 2023; 11 months to outcome. Weak on: Time since training, Career transition. | N10: =IF($A10="","",INDEX(Scoring!$AD$5:$AD$172,MATCH(6,Scoring!$AH$5:$AH$172,0))) -> Ready | O10: =IF($A10="","",INDEX(Scoring!$AE$5:$AE$172,MATCH(6,Scoring!$AH$5:$AH$172,0))) -> Verified
A11: =IF(7<=$C$3,7,"") -> 7 | B11: =IF($A11="","",INDEX(Scoring!$Z$5:$Z$172,MATCH(7,Scoring!$AH$5:$AH$172,0))) -> 7 | C11: =IF($A11="","",IF(INDEX(Scoring!$AF$5:$AF$172,MATCH(7,Scoring!$AH$5:$AH$172,0))="Yes",IF(INDEX(Scoring!$Z$5:$Z$172,MATCH(7,Scoring!$AH$5:$AH$172,0))<=Weights!$C$19,"Top 30 + added","Added to queue"),"Top 30 by score")) -> Top 30 by score | D11: =IF($A11="","",INDEX(Scoring!$A$5:$A$172,MATCH(7,Scoring!$AH$5:$AH$172,0))) -> raghad-alqobali | E11: =IF($A11="","",INDEX(Scoring!$B$5:$B$172,MATCH(7,Scoring!$AH$5:$AH$172,0))) -> رغد القبالي | F11: =IF($A11="","",INDEX(Scoring!$C$5:$C$172,MATCH(7,Scoring!$AH$5:$AH$172,0))) -> Raghad Alqobali | G11: =IF($A11="","",INDEX(Scoring!$D$5:$D$172,MATCH(7,Scoring!$AH$5:$AH$172,0))) -> سدايا | H11: =IF($A11="","",INDEX(Scoring!$F$5:$F$172,MATCH(7,Scoring!$AH$5:$AH$172,0))) -> LLM | I11: =IF($A11="","",INDEX(Scoring!$G$5:$G$172,MATCH(7,Scoring!$AH$5:$AH$172,0))) -> 2023 | J11: =IF($A11="","",INDEX(Scoring!$H$5:$H$172,MATCH(7,Scoring!$AH$5:$AH$172,0))) -> n/a | K11: =IF($A11="","",INDEX(Scoring!$W$5:$W$172,MATCH(7,Scoring!$AH$5:$AH$172,0))) -> 73.2 | L11: =IF($A11="","",INDEX(Scoring!$AA$5:$AA$172,MATCH(7,Scoring!$AH$5:$AH$172,0))) -> Tier 1 – Flagship launch | M11: =IF($A11="","",INDEX(Scoring!$AB$5:$AB$172,MATCH(7,Scoring!$AH$5:$AH$172,0))) -> Strengths: Evidence quality 4.8/5, Measurable impact 5/5, Specialization 5/5. LLM track, cohort 2023; timing dated by year only. Weak on: Promotion, Career transition. | N11: =IF($A11="","",INDEX(Scoring!$AD$5:$AD$172,MATCH(7,Scoring!$AH$5:$AH$172,0))) -> Clear draft quote with graduate; Replace GitHub avatar with real photo; Confirm month-level date | O11: =IF($A11="","",INDEX(Scoring!$AE$5:$AE$172,MATCH(7,Scoring!$AH$5:$AH$172,0))) -> Draft
A12: =IF(8<=$C$3,8,"") -> 8 | B12: =IF($A12="","",INDEX(Scoring!$Z$5:$Z$172,MATCH(8,Scoring!$AH$5:$AH$172,0))) -> 8 | C12: =IF($A12="","",IF(INDEX(Scoring!$AF$5:$AF$172,MATCH(8,Scoring!$AH$5:$AH$172,0))="Yes",IF(INDEX(Scoring!$Z$5:$Z$172,MATCH(8,Scoring!$AH$5:$AH$172,0))<=Weights!$C$19,"Top 30 + added","Added to queue"),"Top 30 by score")) -> Top 30 + added | D12: =IF($A12="","",INDEX(Scoring!$A$5:$A$172,MATCH(8,Scoring!$AH$5:$AH$172,0))) -> badr-alshamrani | E12: =IF($A12="","",INDEX(Scoring!$B$5:$B$172,MATCH(8,Scoring!$AH$5:$AH$172,0))) -> بدر علي الشمراني | F12: =IF($A12="","",INDEX(Scoring!$C$5:$C$172,MATCH(8,Scoring!$AH$5:$AH$172,0))) -> Badr Ali Alshamrani | G12: =IF($A12="","",INDEX(Scoring!$D$5:$D$172,MATCH(8,Scoring!$AH$5:$AH$172,0))) -> مستشفى الملك فيصل التخصصي ومركز الأبحاث | H12: =IF($A12="","",INDEX(Scoring!$F$5:$F$172,MATCH(8,Scoring!$AH$5:$AH$172,0))) -> AI Agents | I12: =IF($A12="","",INDEX(Scoring!$G$5:$G$172,MATCH(8,Scoring!$AH$5:$AH$172,0))) -> 2025 | J12: =IF($A12="","",INDEX(Scoring!$H$5:$H$172,MATCH(8,Scoring!$AH$5:$AH$172,0))) -> 3 | K12: =IF($A12="","",INDEX(Scoring!$W$5:$W$172,MATCH(8,Scoring!$AH$5:$AH$172,0))) -> 73.2 | L12: =IF($A12="","",INDEX(Scoring!$AA$5:$AA$172,MATCH(8,Scoring!$AH$5:$AH$172,0))) -> Tier 1 – Flagship launch | M12: =IF($A12="","",INDEX(Scoring!$AB$5:$AB$172,MATCH(8,Scoring!$AH$5:$AH$172,0))) -> Strengths: Employer / company profile 5/5, Evidence quality 4/5, Employment after training 5/5. AI Agents track, cohort 2025; 3 months to outcome. Weak on: Promotion, Career transition. | N12: =IF($A12="","",INDEX(Scoring!$AD$5:$AD$172,MATCH(8,Scoring!$AH$5:$AH$172,0))) -> Ready | O12: =IF($A12="","",INDEX(Scoring!$AE$5:$AE$172,MATCH(8,Scoring!$AH$5:$AH$172,0))) -> Verified
A13: =IF(9<=$C$3,9,"") -> 9 | B13: =IF($A13="","",INDEX(Scoring!$Z$5:$Z$172,MATCH(9,Scoring!$AH$5:$AH$172,0))) -> 9 | C13: =IF($A13="","",IF(INDEX(Scoring!$AF$5:$AF$172,MATCH(9,Scoring!$AH$5:$AH$172,0))="Yes",IF(INDEX(Scoring!$Z$5:$Z$172,MATCH(9,Scoring!$AH$5:$AH$172,0))<=Weights!$C$19,"Top 30 + added","Added to queue"),"Top 30 by score")) -> Top 30 + added | D13: =IF($A13="","",INDEX(Scoring!$A$5:$A$172,MATCH(9,Scoring!$AH$5:$AH$172,0))) -> anas-almana | E13: =IF($A13="","",INDEX(Scoring!$B$5:$B$172,MATCH(9,Scoring!$AH$5:$AH$172,0))) -> أنس المانع | F13: =IF($A13="","",INDEX(Scoring!$C$5:$C$172,MATCH(9,Scoring!$AH$5:$AH$172,0))) -> Anas Almana | G13: =IF($A13="","",INDEX(Scoring!$D$5:$D$172,MATCH(9,Scoring!$AH$5:$AH$172,0))) -> Quality Support Solutions | H13: =IF($A13="","",INDEX(Scoring!$F$5:$F$172,MATCH(9,Scoring!$AH$5:$AH$172,0))) -> Data Science & AI (T5) | I13: =IF($A13="","",INDEX(Scoring!$G$5:$G$172,MATCH(9,Scoring!$AH$5:$AH$172,0))) -> 2023 | J13: =IF($A13="","",INDEX(Scoring!$H$5:$H$172,MATCH(9,Scoring!$AH$5:$AH$172,0))) -> 1 | K13: =IF($A13="","",INDEX(Scoring!$W$5:$W$172,MATCH(9,Scoring!$AH$5:$AH$172,0))) -> 73.1 | L13: =IF($A13="","",INDEX(Scoring!$AA$5:$AA$172,MATCH(9,Scoring!$AH$5:$AH$172,0))) -> Tier 1 – Flagship launch | M13: =IF($A13="","",INDEX(Scoring!$AB$5:$AB$172,MATCH(9,Scoring!$AH$5:$AH$172,0))) -> Strengths: Employment after training 5/5, Specialization 5/5, Time since training 5/5. Data Science & AI (T5) track, cohort 2023; 1 month to outcome. | N13: =IF($A13="","",INDEX(Scoring!$AD$5:$AD$172,MATCH(9,Scoring!$AH$5:$AH$172,0))) -> Ready | O13: =IF($A13="","",INDEX(Scoring!$AE$5:$AE$172,MATCH(9,Scoring!$AH$5:$AH$172,0))) -> Verified
A14: =IF(10<=$C$3,10,"") -> 10 | B14: =IF($A14="","",INDEX(Scoring!$Z$5:$Z$172,MATCH(10,Scoring!$AH$5:$AH$172,0))) -> 10 | C14: =IF($A14="","",IF(INDEX(Scoring!$AF$5:$AF$172,MATCH(10,Scoring!$AH$5:$AH$172,0))="Yes",IF(INDEX(Scoring!$Z$5:$Z$172,MATCH(10,Scoring!$AH$5:$AH$172,0))<=Weights!$C$19,"Top 30 + added","Added to queue"),"Top 30 by score")) -> Top 30 by score | D14: =IF($A14="","",INDEX(Scoring!$A$5:$A$172,MATCH(10,Scoring!$AH$5:$AH$172,0))) -> shahad-altamimi | E14: =IF($A14="","",INDEX(Scoring!$B$5:$B$172,MATCH(10,Scoring!$AH$5:$AH$172,0))) -> شهد التميمي | F14: =IF($A14="","",INDEX(Scoring!$C$5:$C$172,MATCH(10,Scoring!$AH$5:$AH$172,0))) -> Shahad Altamimi | G14: =IF($A14="","",INDEX(Scoring!$D$5:$D$172,MATCH(10,Scoring!$AH$5:$AH$172,0))) -> أكاديمية الملك سلمان العالمية للغة العربية | H14: =IF($A14="","",INDEX(Scoring!$F$5:$F$172,MATCH(10,Scoring!$AH$5:$AH$172,0))) -> Applied AI (AAI) | I14: =IF($A14="","",INDEX(Scoring!$G$5:$G$172,MATCH(10,Scoring!$AH$5:$AH$172,0))) -> 2026 | J14: =IF($A14="","",INDEX(Scoring!$H$5:$H$172,MATCH(10,Scoring!$AH$5:$AH$172,0))) -> 2 | K14: =IF($A14="","",INDEX(Scoring!$W$5:$W$172,MATCH(10,Scoring!$AH$5:$AH$172,0))) -> 73.1 | L14: =IF($A14="","",INDEX(Scoring!$AA$5:$AA$172,MATCH(10,Scoring!$AH$5:$AH$172,0))) -> Tier 1 – Flagship launch | M14: =IF($A14="","",INDEX(Scoring!$AB$5:$AB$172,MATCH(10,Scoring!$AH$5:$AH$172,0))) -> Strengths: Evidence quality 4.5/5, Measurable impact 5/5, Employer / company profile 4/5. Applied AI (AAI) track, cohort 2026; 2 months to outcome. Weak on: Employment after training, Promotion. | N14: =IF($A14="","",INDEX(Scoring!$AD$5:$AD$172,MATCH(10,Scoring!$AH$5:$AH$172,0))) -> Clear draft quote with graduate | O14: =IF($A14="","",INDEX(Scoring!$AE$5:$AE$172,MATCH(10,Scoring!$AH$5:$AH$172,0))) -> Draft
A15: =IF(11<=$C$3,11,"") -> 11 | B15: =IF($A15="","",INDEX(Scoring!$Z$5:$Z$172,MATCH(11,Scoring!$AH$5:$AH$172,0))) -> 11 | C15: =IF($A15="","",IF(INDEX(Scoring!$AF$5:$AF$172,MATCH(11,Scoring!$AH$5:$AH$172,0))="Yes",IF(INDEX(Scoring!$Z$5:$Z$172,MATCH(11,Scoring!$AH$5:$AH$172,0))<=Weights!$C$19,"Top 30 + added","Added to queue"),"Top 30 by score")) -> Top 30 + added | D15: =IF($A15="","",INDEX(Scoring!$A$5:$A$172,MATCH(11,Scoring!$AH$5:$AH$172,0))) -> rayan-dahlawi | E15: =IF($A15="","",INDEX(Scoring!$B$5:$B$172,MATCH(11,Scoring!$AH$5:$AH$172,0))) -> ريان دحلوي | F15: =IF($A15="","",INDEX(Scoring!$C$5:$C$172,MATCH(11,Scoring!$AH$5:$AH$172,0))) -> Rayan Dahlawi | G15: =IF($A15="","",INDEX(Scoring!$D$5:$D$172,MATCH(11,Scoring!$AH$5:$AH$172,0))) -> عبداللطيف جميل المتحدة للتمويل | H15: =IF($A15="","",INDEX(Scoring!$F$5:$F$172,MATCH(11,Scoring!$AH$5:$AH$172,0))) -> LLM | I15: =IF($A15="","",INDEX(Scoring!$G$5:$G$172,MATCH(11,Scoring!$AH$5:$AH$172,0))) -> 2024 | J15: =IF($A15="","",INDEX(Scoring!$H$5:$H$172,MATCH(11,Scoring!$AH$5:$AH$172,0))) -> 5 | K15: =IF($A15="","",INDEX(Scoring!$W$5:$W$172,MATCH(11,Scoring!$AH$5:$AH$172,0))) -> 73.1 | L15: =IF($A15="","",INDEX(Scoring!$AA$5:$AA$172,MATCH(11,Scoring!$AH$5:$AH$172,0))) -> Tier 2 – Priority | M15: =IF($A15="","",INDEX(Scoring!$AB$5:$AB$172,MATCH(11,Scoring!$AH$5:$AH$172,0))) -> Strengths: Employment after training 5/5, Employer / company profile 4/5, Specialization 5/5. LLM track, cohort 2024; 5 months to outcome. Weak on: Promotion. | N15: =IF($A15="","",INDEX(Scoring!$AD$5:$AD$172,MATCH(11,Scoring!$AH$5:$AH$172,0))) -> Clear draft quote with graduate | O15: =IF($A15="","",INDEX(Scoring!$AE$5:$AE$172,MATCH(11,Scoring!$AH$5:$AH$172,0))) -> Draft
A16: =IF(12<=$C$3,12,"") -> 12 | B16: =IF($A16="","",INDEX(Scoring!$Z$5:$Z$172,MATCH(12,Scoring!$AH$5:$AH$172,0))) -> 12 | C16: =IF($A16="","",IF(INDEX(Scoring!$AF$5:$AF$172,MATCH(12,Scoring!$AH$5:$AH$172,0))="Yes",IF(INDEX(Scoring!$Z$5:$Z$172,MATCH(12,Scoring!$AH$5:$AH$172,0))<=Weights!$C$19,"Top 30 + added","Added to queue"),"Top 30 by score")) -> Top 30 + added | D16: =IF($A16="","",INDEX(Scoring!$A$5:$A$172,MATCH(12,Scoring!$AH$5:$AH$172,0))) -> abdulaziz-althumairy | E16: =IF($A16="","",INDEX(Scoring!$B$5:$B$172,MATCH(12,Scoring!$AH$5:$AH$172,0))) -> عبدالعزيز الثميري | F16: =IF($A16="","",INDEX(Scoring!$C$5:$C$172,MATCH(12,Scoring!$AH$5:$AH$172,0))) -> Abdulaziz Al-Thumairy | G16: =IF($A16="","",INDEX(Scoring!$D$5:$D$172,MATCH(12,Scoring!$AH$5:$AH$172,0))) -> صندوق الاستثمارات العامة (PIF) | H16: =IF($A16="","",INDEX(Scoring!$F$5:$F$172,MATCH(12,Scoring!$AH$5:$AH$172,0))) -> GenAI / NVIDIA | I16: =IF($A16="","",INDEX(Scoring!$G$5:$G$172,MATCH(12,Scoring!$AH$5:$AH$172,0))) -> 2024 | J16: =IF($A16="","",INDEX(Scoring!$H$5:$H$172,MATCH(12,Scoring!$AH$5:$AH$172,0))) -> 2 | K16: =IF($A16="","",INDEX(Scoring!$W$5:$W$172,MATCH(12,Scoring!$AH$5:$AH$172,0))) -> 72.9 | L16: =IF($A16="","",INDEX(Scoring!$AA$5:$AA$172,MATCH(12,Scoring!$AH$5:$AH$172,0))) -> Tier 2 – Priority | M16: =IF($A16="","",INDEX(Scoring!$AB$5:$AB$172,MATCH(12,Scoring!$AH$5:$AH$172,0))) -> Strengths: Employer / company profile 5/5, Employment after training 5/5, Time since training 5/5. GenAI / NVIDIA track, cohort 2024; 2 months to outcome. Weak on: Promotion. | N16: =IF($A16="","",INDEX(Scoring!$AD$5:$AD$172,MATCH(12,Scoring!$AH$5:$AH$172,0))) -> Clear draft quote with graduate | O16: =IF($A16="","",INDEX(Scoring!$AE$5:$AE$172,MATCH(12,Scoring!$AH$5:$AH$172,0))) -> Draft
A17: =IF(13<=$C$3,13,"") -> 13 | B17: =IF($A17="","",INDEX(Scoring!$Z$5:$Z$172,MATCH(13,Scoring!$AH$5:$AH$172,0))) -> 13 | C17: =IF($A17="","",IF(INDEX(Scoring!$AF$5:$AF$172,MATCH(13,Scoring!$AH$5:$AH$172,0))="Yes",IF(INDEX(Scoring!$Z$5:$Z$172,MATCH(13,Scoring!$AH$5:$AH$172,0))<=Weights!$C$19,"Top 30 + added","Added to queue"),"Top 30 by score")) -> Top 30 by score | D17: =IF($A17="","",INDEX(Scoring!$A$5:$A$172,MATCH(13,Scoring!$AH$5:$AH$172,0))) -> noura-alfouzan | E17: =IF($A17="","",INDEX(Scoring!$B$5:$B$172,MATCH(13,Scoring!$AH$5:$AH$172,0))) -> نورة الفوزان | F17: =IF($A17="","",INDEX(Scoring!$C$5:$C$172,MATCH(13,Scoring!$AH$5:$AH$172,0))) -> Noura Alfouzan | G17: =IF($A17="","",INDEX(Scoring!$D$5:$D$172,MATCH(13,Scoring!$AH$5:$AH$172,0))) -> المؤسسة العامة للمياه (Saudi Water Authority) | H17: =IF($A17="","",INDEX(Scoring!$F$5:$F$172,MATCH(13,Scoring!$AH$5:$AH$172,0))) -> Advanced AI Pathways | I17: =IF($A17="","",INDEX(Scoring!$G$5:$G$172,MATCH(13,Scoring!$AH$5:$AH$172,0))) -> 2024 | J17: =IF($A17="","",INDEX(Scoring!$H$5:$H$172,MATCH(13,Scoring!$AH$5:$AH$172,0))) -> n/a | K17: =IF($A17="","",INDEX(Scoring!$W$5:$W$172,MATCH(13,Scoring!$AH$5:$AH$172,0))) -> 72.3 | L17: =IF($A17="","",INDEX(Scoring!$AA$5:$AA$172,MATCH(13,Scoring!$AH$5:$AH$172,0))) -> Tier 2 – Priority | M17: =IF($A17="","",INDEX(Scoring!$AB$5:$AB$172,MATCH(13,Scoring!$AH$5:$AH$172,0))) -> Strengths: Employment after training 5/5, Measurable impact 4/5, Strategic relevance 5/5. Advanced AI Pathways track, cohort 2024; timing dated by year only. | N17: =IF($A17="","",INDEX(Scoring!$AD$5:$AD$172,MATCH(13,Scoring!$AH$5:$AH$172,0))) -> Clear draft quote with graduate | O17: =IF($A17="","",INDEX(Scoring!$AE$5:$AE$172,MATCH(13,Scoring!$AH$5:$AH$172,0))) -> Draft
A18: =IF(14<=$C$3,14,"") -> 14 | B18: =IF($A18="","",INDEX(Scoring!$Z$5:$Z$172,MATCH(14,Scoring!$AH$5:$AH$172,0))) -> 14 | C18: =IF($A18="","",IF(INDEX(Scoring!$AF$5:$AF$172,MATCH(14,Scoring!$AH$5:$AH$172,0))="Yes",IF(INDEX(Scoring!$Z$5:$Z$172,MATCH(14,Scoring!$AH$5:$AH$172,0))<=Weights!$C$19,"Top 30 + added","Added to queue"),"Top 30 by score")) -> Top 30 + added | D18: =IF($A18="","",INDEX(Scoring!$A$5:$A$172,MATCH(14,Scoring!$AH$5:$AH$172,0))) -> ahmed-almuaybid | E18: =IF($A18="","",INDEX(Scoring!$B$5:$B$172,MATCH(14,Scoring!$AH$5:$AH$172,0))) -> أحمد المعيبد | F18: =IF($A18="","",INDEX(Scoring!$C$5:$C$172,MATCH(14,Scoring!$AH$5:$AH$172,0))) -> Ahmed Almuaybid | G18: =IF($A18="","",INDEX(Scoring!$D$5:$D$172,MATCH(14,Scoring!$AH$5:$AH$172,0))) -> سابك | H18: =IF($A18="","",INDEX(Scoring!$F$5:$F$172,MATCH(14,Scoring!$AH$5:$AH$172,0))) -> Data Science & AI (T5) | I18: =IF($A18="","",INDEX(Scoring!$G$5:$G$172,MATCH(14,Scoring!$AH$5:$AH$172,0))) -> 2021 | J18: =IF($A18="","",INDEX(Scoring!$H$5:$H$172,MATCH(14,Scoring!$AH$5:$AH$172,0))) -> 4 | K18: =IF($A18="","",INDEX(Scoring!$W$5:$W$172,MATCH(14,Scoring!$AH$5:$AH$172,0))) -> 72 | L18: =IF($A18="","",INDEX(Scoring!$AA$5:$AA$172,MATCH(14,Scoring!$AH$5:$AH$172,0))) -> Tier 2 – Priority | M18: =IF($A18="","",INDEX(Scoring!$AB$5:$AB$172,MATCH(14,Scoring!$AH$5:$AH$172,0))) -> Strengths: Employer / company profile 5/5, Employment after training 5/5, Promotion 5/5. Data Science & AI (T5) track, cohort 2021; 4 months to outcome. Weak on: Career transition. | N18: =IF($A18="","",INDEX(Scoring!$AD$5:$AD$172,MATCH(14,Scoring!$AH$5:$AH$172,0))) -> Clear draft quote with graduate | O18: =IF($A18="","",INDEX(Scoring!$AE$5:$AE$172,MATCH(14,Scoring!$AH$5:$AH$172,0))) -> Draft
A19: =IF(15<=$C$3,15,"") -> 15 | B19: =IF($A19="","",INDEX(Scoring!$Z$5:$Z$172,MATCH(15,Scoring!$AH$5:$AH$172,0))) -> 15 | C19: =IF($A19="","",IF(INDEX(Scoring!$AF$5:$AF$172,MATCH(15,Scoring!$AH$5:$AH$172,0))="Yes",IF(INDEX(Scoring!$Z$5:$Z$172,MATCH(15,Scoring!$AH$5:$AH$172,0))<=Weights!$C$19,"Top 30 + added","Added to queue"),"Top 30 by score")) -> Top 30 by score | D19: =IF($A19="","",INDEX(Scoring!$A$5:$A$172,MATCH(15,Scoring!$AH$5:$AH$172,0))) -> hassn-alqaeri | E19: =IF($A19="","",INDEX(Scoring!$B$5:$B$172,MATCH(15,Scoring!$AH$5:$AH$172,0))) -> حسن القاعري | F19: =IF($A19="","",INDEX(Scoring!$C$5:$C$172,MATCH(15,Scoring!$AH$5:$AH$172,0))) -> Hassn Alqaeri | G19: =IF($A19="","",INDEX(Scoring!$D$5:$D$172,MATCH(15,Scoring!$AH$5:$AH$172,0))) -> مهمة OSACT7 المشتركة — LREC 2026 | H19: =IF($A19="","",INDEX(Scoring!$F$5:$F$172,MATCH(15,Scoring!$AH$5:$AH$172,0))) -> LLM | I19: =IF($A19="","",INDEX(Scoring!$G$5:$G$172,MATCH(15,Scoring!$AH$5:$AH$172,0))) -> 2026 | J19: =IF($A19="","",INDEX(Scoring!$H$5:$H$172,MATCH(15,Scoring!$AH$5:$AH$172,0))) -> n/a | K19: =IF($A19="","",INDEX(Scoring!$W$5:$W$172,MATCH(15,Scoring!$AH$5:$AH$172,0))) -> 71.1 | L19: =IF($A19="","",INDEX(Scoring!$AA$5:$AA$172,MATCH(15,Scoring!$AH$5:$AH$172,0))) -> Tier 2 – Priority | M19: =IF($A19="","",INDEX(Scoring!$AB$5:$AB$172,MATCH(15,Scoring!$AH$5:$AH$172,0))) -> Strengths: Evidence quality 4.2/5, Employer / company profile 5/5, Measurable impact 5/5. LLM track, cohort 2026; timing dated by year only. Weak on: Employment after training, Career transition. | N19: =IF($A19="","",INDEX(Scoring!$AD$5:$AD$172,MATCH(15,Scoring!$AH$5:$AH$172,0))) -> Clear draft quote with graduate; Replace GitHub avatar with real photo; Add employer logo; Confirm month-level date | O19: =IF($A19="","",INDEX(Scoring!$AE$5:$AE$172,MATCH(15,Scoring!$AH$5:$AH$172,0))) -> Draft
A20: =IF(16<=$C$3,16,"") -> 16 | B20: =IF($A20="","",INDEX(Scoring!$Z$5:$Z$172,MATCH(16,Scoring!$AH$5:$AH$172,0))) -> 16 | C20: =IF($A20="","",IF(INDEX(Scoring!$AF$5:$AF$172,MATCH(16,Scoring!$AH$5:$AH$172,0))="Yes",IF(INDEX(Scoring!$Z$5:$Z$172,MATCH(16,Scoring!$AH$5:$AH$172,0))<=Weights!$C$19,"Top 30 + added","Added to queue"),"Top 30 by score")) -> Top 30 by score | D20: =IF($A20="","",INDEX(Scoring!$A$5:$A$172,MATCH(16,Scoring!$AH$5:$AH$172,0))) -> nujud-senan | E20: =IF($A20="","",INDEX(Scoring!$B$5:$B$172,MATCH(16,Scoring!$AH$5:$AH$172,0))) -> نجود سنان | F20: =IF($A20="","",INDEX(Scoring!$C$5:$C$172,MATCH(16,Scoring!$AH$5:$AH$172,0))) -> Nujud Senan | G20: =IF($A20="","",INDEX(Scoring!$D$5:$D$172,MATCH(16,Scoring!$AH$5:$AH$172,0))) -> قمة الابتكار الكمّي — دبي (Quantum Innovation Summit) | H20: =IF($A20="","",INDEX(Scoring!$F$5:$F$172,MATCH(16,Scoring!$AH$5:$AH$172,0))) -> Data Science & AI (T5) | I20: =IF($A20="","",INDEX(Scoring!$G$5:$G$172,MATCH(16,Scoring!$AH$5:$AH$172,0))) -> 2024 | J20: =IF($A20="","",INDEX(Scoring!$H$5:$H$172,MATCH(16,Scoring!$AH$5:$AH$172,0))) -> 5 | K20: =IF($A20="","",INDEX(Scoring!$W$5:$W$172,MATCH(16,Scoring!$AH$5:$AH$172,0))) -> 71 | L20: =IF($A20="","",INDEX(Scoring!$AA$5:$AA$172,MATCH(16,Scoring!$AH$5:$AH$172,0))) -> Tier 2 – Priority | M20: =IF($A20="","",INDEX(Scoring!$AB$5:$AB$172,MATCH(16,Scoring!$AH$5:$AH$172,0))) -> Strengths: Employer / company profile 5/5, Specialization 5/5, Measurable impact 4/5. Data Science & AI (T5) track, cohort 2024; 5 months to outcome. Weak on: Career transition. | N20: =IF($A20="","",INDEX(Scoring!$AD$5:$AD$172,MATCH(16,Scoring!$AH$5:$AH$172,0))) -> Clear draft quote with graduate; Add employer logo | O20: =IF($A20="","",INDEX(Scoring!$AE$5:$AE$172,MATCH(16,Scoring!$AH$5:$AH$172,0))) -> Draft
A21: =IF(17<=$C$3,17,"") -> 17 | B21: =IF($A21="","",INDEX(Scoring!$Z$5:$Z$172,MATCH(17,Scoring!$AH$5:$AH$172,0))) -> 17 | C21: =IF($A21="","",IF(INDEX(Scoring!$AF$5:$AF$172,MATCH(17,Scoring!$AH$5:$AH$172,0))="Yes",IF(INDEX(Scoring!$Z$5:$Z$172,MATCH(17,Scoring!$AH$5:$AH$172,0))<=Weights!$C$19,"Top 30 + added","Added to queue"),"Top 30 by score")) -> Top 30 by score | D21: =IF($A21="","",INDEX(Scoring!$A$5:$A$172,MATCH(17,Scoring!$AH$5:$AH$172,0))) -> dhiyaa-alsalem | E21: =IF($A21="","",INDEX(Scoring!$B$5:$B$172,MATCH(17,Scoring!$AH$5:$AH$172,0))) -> Dhiyaa Alsalem | F21: =IF($A21="","",INDEX(Scoring!$C$5:$C$172,MATCH(17,Scoring!$AH$5:$AH$172,0))) -> Dhiyaa Alsalem | G21: =IF($A21="","",INDEX(Scoring!$D$5:$D$172,MATCH(17,Scoring!$AH$5:$AH$172,0))) -> واكب للبيانات (Wakeb Data) | H21: =IF($A21="","",INDEX(Scoring!$F$5:$F$172,MATCH(17,Scoring!$AH$5:$AH$172,0))) -> Data Science & AI (T5) | I21: =IF($A21="","",INDEX(Scoring!$G$5:$G$172,MATCH(17,Scoring!$AH$5:$AH$172,0))) -> 2024 | J21: =IF($A21="","",INDEX(Scoring!$H$5:$H$172,MATCH(17,Scoring!$AH$5:$AH$172,0))) -> 7 | K21: =IF($A21="","",INDEX(Scoring!$W$5:$W$172,MATCH(17,Scoring!$AH$5:$AH$172,0))) -> 70.7 | L21: =IF($A21="","",INDEX(Scoring!$AA$5:$AA$172,MATCH(17,Scoring!$AH$5:$AH$172,0))) -> Tier 2 – Priority | M21: =IF($A21="","",INDEX(Scoring!$AB$5:$AB$172,MATCH(17,Scoring!$AH$5:$AH$172,0))) -> Strengths: Employment after training 5/5, Employer / company profile 4/5, Specialization 5/5. Data Science & AI (T5) track, cohort 2024; 7 months to outcome. Weak on: Promotion. | N21: =IF($A21="","",INDEX(Scoring!$AD$5:$AD$172,MATCH(17,Scoring!$AH$5:$AH$172,0))) -> Clear draft quote with graduate | O21: =IF($A21="","",INDEX(Scoring!$AE$5:$AE$172,MATCH(17,Scoring!$AH$5:$AH$172,0))) -> Draft
A22: =IF(18<=$C$3,18,"") -> 18 | B22: =IF($A22="","",INDEX(Scoring!$Z$5:$Z$172,MATCH(18,Scoring!$AH$5:$AH$172,0))) -> 18 | C22: =IF($A22="","",IF(INDEX(Scoring!$AF$5:$AF$172,MATCH(18,Scoring!$AH$5:$AH$172,0))="Yes",IF(INDEX(Scoring!$Z$5:$Z$172,MATCH(18,Scoring!$AH$5:$AH$172,0))<=Weights!$C$19,"Top 30 + added","Added to queue"),"Top 30 by score")) -> Top 30 + added | D22: =IF($A22="","",INDEX(Scoring!$A$5:$A$172,MATCH(18,Scoring!$AH$5:$AH$172,0))) -> rafaa-abuazza | E22: =IF($A22="","",INDEX(Scoring!$B$5:$B$172,MATCH(18,Scoring!$AH$5:$AH$172,0))) -> رفاء أبو عزة | F22: =IF($A22="","",INDEX(Scoring!$C$5:$C$172,MATCH(18,Scoring!$AH$5:$AH$172,0))) -> Rafaa Abuazzah | G22: =IF($A22="","",INDEX(Scoring!$D$5:$D$172,MATCH(18,Scoring!$AH$5:$AH$172,0))) -> نيوم | H22: =IF($A22="","",INDEX(Scoring!$F$5:$F$172,MATCH(18,Scoring!$AH$5:$AH$172,0))) -> Data Science & AI (T5) | I22: =IF($A22="","",INDEX(Scoring!$G$5:$G$172,MATCH(18,Scoring!$AH$5:$AH$172,0))) -> 2024 | J22: =IF($A22="","",INDEX(Scoring!$H$5:$H$172,MATCH(18,Scoring!$AH$5:$AH$172,0))) -> 2 | K22: =IF($A22="","",INDEX(Scoring!$W$5:$W$172,MATCH(18,Scoring!$AH$5:$AH$172,0))) -> 70.3 | L22: =IF($A22="","",INDEX(Scoring!$AA$5:$AA$172,MATCH(18,Scoring!$AH$5:$AH$172,0))) -> Tier 2 – Priority | M22: =IF($A22="","",INDEX(Scoring!$AB$5:$AB$172,MATCH(18,Scoring!$AH$5:$AH$172,0))) -> Strengths: Employer / company profile 5/5, Employment after training 5/5, Specialization 5/5. Data Science & AI (T5) track, cohort 2024; 2 months to outcome. Weak on: Promotion. | N22: =IF($A22="","",INDEX(Scoring!$AD$5:$AD$172,MATCH(18,Scoring!$AH$5:$AH$172,0))) -> Clear draft quote with graduate | O22: =IF($A22="","",INDEX(Scoring!$AE$5:$AE$172,MATCH(18,Scoring!$AH$5:$AH$172,0))) -> Draft
A23: =IF(19<=$C$3,19,"") -> 19 | B23: =IF($A23="","",INDEX(Scoring!$Z$5:$Z$172,MATCH(19,Scoring!$AH$5:$AH$172,0))) -> 19 | C23: =IF($A23="","",IF(INDEX(Scoring!$AF$5:$AF$172,MATCH(19,Scoring!$AH$5:$AH$172,0))="Yes",IF(INDEX(Scoring!$Z$5:$Z$172,MATCH(19,Scoring!$AH$5:$AH$172,0))<=Weights!$C$19,"Top 30 + added","Added to queue"),"Top 30 by score")) -> Top 30 by score | D23: =IF($A23="","",INDEX(Scoring!$A$5:$A$172,MATCH(19,Scoring!$AH$5:$AH$172,0))) -> yasmin-alsuliman | E23: =IF($A23="","",INDEX(Scoring!$B$5:$B$172,MATCH(19,Scoring!$AH$5:$AH$172,0))) -> ياسمين آل سليمان | F23: =IF($A23="","",INDEX(Scoring!$C$5:$C$172,MATCH(19,Scoring!$AH$5:$AH$172,0))) -> Yasmin Al Suliman | G23: =IF($A23="","",INDEX(Scoring!$D$5:$D$172,MATCH(19,Scoring!$AH$5:$AH$172,0))) -> شركة المياه الوطنية (NWC) | H23: =IF($A23="","",INDEX(Scoring!$F$5:$F$172,MATCH(19,Scoring!$AH$5:$AH$172,0))) -> Data Science & AI (T5) | I23: =IF($A23="","",INDEX(Scoring!$G$5:$G$172,MATCH(19,Scoring!$AH$5:$AH$172,0))) -> 2024 | J23: =IF($A23="","",INDEX(Scoring!$H$5:$H$172,MATCH(19,Scoring!$AH$5:$AH$172,0))) -> 5 | K23: =IF($A23="","",INDEX(Scoring!$W$5:$W$172,MATCH(19,Scoring!$AH$5:$AH$172,0))) -> 69.6 | L23: =IF($A23="","",INDEX(Scoring!$AA$5:$AA$172,MATCH(19,Scoring!$AH$5:$AH$172,0))) -> Tier 2 – Priority | M23: =IF($A23="","",INDEX(Scoring!$AB$5:$AB$172,MATCH(19,Scoring!$AH$5:$AH$172,0))) -> Strengths: Employment after training 5/5, Employer / company profile 4/5, Story completeness 5/5. Data Science & AI (T5) track, cohort 2024; 5 months to outcome. Weak on: Career transition. | N23: =IF($A23="","",INDEX(Scoring!$AD$5:$AD$172,MATCH(19,Scoring!$AH$5:$AH$172,0))) -> Clear draft quote with graduate | O23: =IF($A23="","",INDEX(Scoring!$AE$5:$AE$172,MATCH(19,Scoring!$AH$5:$AH$172,0))) -> Draft
A24: =IF(20<=$C$3,20,"") -> 20 | B24: =IF($A24="","",INDEX(Scoring!$Z$5:$Z$172,MATCH(20,Scoring!$AH$5:$AH$172,0))) -> 20 | C24: =IF($A24="","",IF(INDEX(Scoring!$AF$5:$AF$172,MATCH(20,Scoring!$AH$5:$AH$172,0))="Yes",IF(INDEX(Scoring!$Z$5:$Z$172,MATCH(20,Scoring!$AH$5:$AH$172,0))<=Weights!$C$19,"Top 30 + added","Added to queue"),"Top 30 by score")) -> Top 30 by score | D24: =IF($A24="","",INDEX(Scoring!$A$5:$A$172,MATCH(20,Scoring!$AH$5:$AH$172,0))) -> rana-alshehri | E24: =IF($A24="","",INDEX(Scoring!$B$5:$B$172,MATCH(20,Scoring!$AH$5:$AH$172,0))) -> رنا الشهري | F24: =IF($A24="","",INDEX(Scoring!$C$5:$C$172,MATCH(20,Scoring!$AH$5:$AH$172,0))) -> Rana Alshehri | G24: =IF($A24="","",INDEX(Scoring!$D$5:$D$172,MATCH(20,Scoring!$AH$5:$AH$172,0))) -> مدينة الملك عبدالعزيز للعلوم والتقنية (KACST) | H24: =IF($A24="","",INDEX(Scoring!$F$5:$F$172,MATCH(20,Scoring!$AH$5:$AH$172,0))) -> GenAI / NVIDIA | I24: =IF($A24="","",INDEX(Scoring!$G$5:$G$172,MATCH(20,Scoring!$AH$5:$AH$172,0))) -> 2026 | J24: =IF($A24="","",INDEX(Scoring!$H$5:$H$172,MATCH(20,Scoring!$AH$5:$AH$172,0))) -> n/a | K24: =IF($A24="","",INDEX(Scoring!$W$5:$W$172,MATCH(20,Scoring!$AH$5:$AH$172,0))) -> 69.3 | L24: =IF($A24="","",INDEX(Scoring!$AA$5:$AA$172,MATCH(20,Scoring!$AH$5:$AH$172,0))) -> Tier 2 – Priority | M24: =IF($A24="","",INDEX(Scoring!$AB$5:$AB$172,MATCH(20,Scoring!$AH$5:$AH$172,0))) -> Strengths: Employer / company profile 5/5, Employment after training 5/5, Specialization 5/5. GenAI / NVIDIA track, cohort 2026; timing dated by year only. Weak on: Promotion, Career transition. | N24: =IF($A24="","",INDEX(Scoring!$AD$5:$AD$172,MATCH(20,Scoring!$AH$5:$AH$172,0))) -> Clear draft quote with graduate | O24: =IF($A24="","",INDEX(Scoring!$AE$5:$AE$172,MATCH(20,Scoring!$AH$5:$AH$172,0))) -> Draft
A25: =IF(21<=$C$3,21,"") -> 21 | B25: =IF($A25="","",INDEX(Scoring!$Z$5:$Z$172,MATCH(21,Scoring!$AH$5:$AH$172,0))) -> 21 | C25: =IF($A25="","",IF(INDEX(Scoring!$AF$5:$AF$172,MATCH(21,Scoring!$AH$5:$AH$172,0))="Yes",IF(INDEX(Scoring!$Z$5:$Z$172,MATCH(21,Scoring!$AH$5:$AH$172,0))<=Weights!$C$19,"Top 30 + added","Added to queue"),"Top 30 by score")) -> Top 30 by score | D25: =IF($A25="","",INDEX(Scoring!$A$5:$A$172,MATCH(21,Scoring!$AH$5:$AH$172,0))) -> hind-aljuaid | E25: =IF($A25="","",INDEX(Scoring!$B$5:$B$172,MATCH(21,Scoring!$AH$5:$AH$172,0))) -> هند الجعيد | F25: =IF($A25="","",INDEX(Scoring!$C$5:$C$172,MATCH(21,Scoring!$AH$5:$AH$172,0))) -> Hind Aljuaid | G25: =IF($A25="","",INDEX(Scoring!$D$5:$D$172,MATCH(21,Scoring!$AH$5:$AH$172,0))) -> سدايا | H25: =IF($A25="","",INDEX(Scoring!$F$5:$F$172,MATCH(21,Scoring!$AH$5:$AH$172,0))) -> GenAI / NVIDIA | I25: =IF($A25="","",INDEX(Scoring!$G$5:$G$172,MATCH(21,Scoring!$AH$5:$AH$172,0))) -> 2026 | J25: =IF($A25="","",INDEX(Scoring!$H$5:$H$172,MATCH(21,Scoring!$AH$5:$AH$172,0))) -> n/a | K25: =IF($A25="","",INDEX(Scoring!$W$5:$W$172,MATCH(21,Scoring!$AH$5:$AH$172,0))) -> 68.9 | L25: =IF($A25="","",INDEX(Scoring!$AA$5:$AA$172,MATCH(21,Scoring!$AH$5:$AH$172,0))) -> Tier 2 – Priority | M25: =IF($A25="","",INDEX(Scoring!$AB$5:$AB$172,MATCH(21,Scoring!$AH$5:$AH$172,0))) -> Strengths: Specialization 5/5, Employment after training 4/5, Measurable impact 4/5. GenAI / NVIDIA track, cohort 2026; timing dated by year only. Weak on: Promotion, Career transition. | N25: =IF($A25="","",INDEX(Scoring!$AD$5:$AD$172,MATCH(21,Scoring!$AH$5:$AH$172,0))) -> Clear draft quote with graduate | O25: =IF($A25="","",INDEX(Scoring!$AE$5:$AE$172,MATCH(21,Scoring!$AH$5:$AH$172,0))) -> Draft
A26: =IF(22<=$C$3,22,"") -> 22 | B26: =IF($A26="","",INDEX(Scoring!$Z$5:$Z$172,MATCH(22,Scoring!$AH$5:$AH$172,0))) -> 22 | C26: =IF($A26="","",IF(INDEX(Scoring!$AF$5:$AF$172,MATCH(22,Scoring!$AH$5:$AH$172,0))="Yes",IF(INDEX(Scoring!$Z$5:$Z$172,MATCH(22,Scoring!$AH$5:$AH$172,0))<=Weights!$C$19,"Top 30 + added","Added to queue"),"Top 30 by score")) -> Top 30 by score | D26: =IF($A26="","",INDEX(Scoring!$A$5:$A$172,MATCH(22,Scoring!$AH$5:$AH$172,0))) -> hussein-mohsen | E26: =IF($A26="","",INDEX(Scoring!$B$5:$B$172,MATCH(22,Scoring!$AH$5:$AH$172,0))) -> حسين محسن | F26: =IF($A26="","",INDEX(Scoring!$C$5:$C$172,MATCH(22,Scoring!$AH$5:$AH$172,0))) -> Hussain Mohsen | G26: =IF($A26="","",INDEX(Scoring!$D$5:$D$172,MATCH(22,Scoring!$AH$5:$AH$172,0))) -> أكاديمية كاوست | H26: =IF($A26="","",INDEX(Scoring!$F$5:$F$172,MATCH(22,Scoring!$AH$5:$AH$172,0))) -> Data Engineering | I26: =IF($A26="","",INDEX(Scoring!$G$5:$G$172,MATCH(22,Scoring!$AH$5:$AH$172,0))) -> 2025 | J26: =IF($A26="","",INDEX(Scoring!$H$5:$H$172,MATCH(22,Scoring!$AH$5:$AH$172,0))) -> n/a | K26: =IF($A26="","",INDEX(Scoring!$W$5:$W$172,MATCH(22,Scoring!$AH$5:$AH$172,0))) -> 68.7 | L26: =IF($A26="","",INDEX(Scoring!$AA$5:$AA$172,MATCH(22,Scoring!$AH$5:$AH$172,0))) -> Tier 2 – Priority | M26: =IF($A26="","",INDEX(Scoring!$AB$5:$AB$172,MATCH(22,Scoring!$AH$5:$AH$172,0))) -> Strengths: Employment after training 5/5, Employer / company profile 4/5, Specialization 5/5. Data Engineering track, cohort 2025; timing dated by year only. Weak on: Promotion. | N26: =IF($A26="","",INDEX(Scoring!$AD$5:$AD$172,MATCH(22,Scoring!$AH$5:$AH$172,0))) -> Clear draft quote with graduate; Confirm month-level date | O26: =IF($A26="","",INDEX(Scoring!$AE$5:$AE$172,MATCH(22,Scoring!$AH$5:$AH$172,0))) -> Draft
A27: =IF(23<=$C$3,23,"") -> 23 | B27: =IF($A27="","",INDEX(Scoring!$Z$5:$Z$172,MATCH(23,Scoring!$AH$5:$AH$172,0))) -> 23 | C27: =IF($A27="","",IF(INDEX(Scoring!$AF$5:$AF$172,MATCH(23,Scoring!$AH$5:$AH$172,0))="Yes",IF(INDEX(Scoring!$Z$5:$Z$172,MATCH(23,Scoring!$AH$5:$AH$172,0))<=Weights!$C$19,"Top 30 + added","Added to queue"),"Top 30 by score")) -> Top 30 by score | D27: =IF($A27="","",INDEX(Scoring!$A$5:$A$172,MATCH(23,Scoring!$AH$5:$AH$172,0))) -> meead-alshaibani | E27: =IF($A27="","",INDEX(Scoring!$B$5:$B$172,MATCH(23,Scoring!$AH$5:$AH$172,0))) -> ميعاد الشيباني | F27: =IF($A27="","",INDEX(Scoring!$C$5:$C$172,MATCH(23,Scoring!$AH$5:$AH$172,0))) -> Meead Alshaibani | G27: =IF($A27="","",INDEX(Scoring!$D$5:$D$172,MATCH(23,Scoring!$AH$5:$AH$172,0))) -> صندوق التنمية العقارية (REDF) | H27: =IF($A27="","",INDEX(Scoring!$F$5:$F$172,MATCH(23,Scoring!$AH$5:$AH$172,0))) -> GenAI / NVIDIA | I27: =IF($A27="","",INDEX(Scoring!$G$5:$G$172,MATCH(23,Scoring!$AH$5:$AH$172,0))) -> 2026 | J27: =IF($A27="","",INDEX(Scoring!$H$5:$H$172,MATCH(23,Scoring!$AH$5:$AH$172,0))) -> 4 | K27: =IF($A27="","",INDEX(Scoring!$W$5:$W$172,MATCH(23,Scoring!$AH$5:$AH$172,0))) -> 68.7 | L27: =IF($A27="","",INDEX(Scoring!$AA$5:$AA$172,MATCH(23,Scoring!$AH$5:$AH$172,0))) -> Tier 2 – Priority | M27: =IF($A27="","",INDEX(Scoring!$AB$5:$AB$172,MATCH(23,Scoring!$AH$5:$AH$172,0))) -> Strengths: Employment after training 5/5, Employer / company profile 4/5, Specialization 5/5. GenAI / NVIDIA track, cohort 2026; 4 months to outcome. Weak on: Promotion, Career transition. | N27: =IF($A27="","",INDEX(Scoring!$AD$5:$AD$172,MATCH(23,Scoring!$AH$5:$AH$172,0))) -> Clear draft quote with graduate | O27: =IF($A27="","",INDEX(Scoring!$AE$5:$AE$172,MATCH(23,Scoring!$AH$5:$AH$172,0))) -> Draft
A28: =IF(24<=$C$3,24,"") -> 24 | B28: =IF($A28="","",INDEX(Scoring!$Z$5:$Z$172,MATCH(24,Scoring!$AH$5:$AH$172,0))) -> 24 | C28: =IF($A28="","",IF(INDEX(Scoring!$AF$5:$AF$172,MATCH(24,Scoring!$AH$5:$AH$172,0))="Yes",IF(INDEX(Scoring!$Z$5:$Z$172,MATCH(24,Scoring!$AH$5:$AH$172,0))<=Weights!$C$19,"Top 30 + added","Added to queue"),"Top 30 by score")) -> Top 30 + added | D28: =IF($A28="","",INDEX(Scoring!$A$5:$A$172,MATCH(24,Scoring!$AH$5:$AH$172,0))) -> faris-almuteri | E28: =IF($A28="","",INDEX(Scoring!$B$5:$B$172,MATCH(24,Scoring!$AH$5:$AH$172,0))) -> فارس المطيري | F28: =IF($A28="","",INDEX(Scoring!$C$5:$C$172,MATCH(24,Scoring!$AH$5:$AH$172,0))) -> Faris Al Muteri | G28: =IF($A28="","",INDEX(Scoring!$D$5:$D$172,MATCH(24,Scoring!$AH$5:$AH$172,0))) -> مركز الملك عبدالله العالمي للأبحاث الطبية KAIMRC | H28: =IF($A28="","",INDEX(Scoring!$F$5:$F$172,MATCH(24,Scoring!$AH$5:$AH$172,0))) -> Advanced AI Pathways | I28: =IF($A28="","",INDEX(Scoring!$G$5:$G$172,MATCH(24,Scoring!$AH$5:$AH$172,0))) -> 2024 | J28: =IF($A28="","",INDEX(Scoring!$H$5:$H$172,MATCH(24,Scoring!$AH$5:$AH$172,0))) -> 7 | K28: =IF($A28="","",INDEX(Scoring!$W$5:$W$172,MATCH(24,Scoring!$AH$5:$AH$172,0))) -> 68.4 | L28: =IF($A28="","",INDEX(Scoring!$AA$5:$AA$172,MATCH(24,Scoring!$AH$5:$AH$172,0))) -> Tier 2 – Priority | M28: =IF($A28="","",INDEX(Scoring!$AB$5:$AB$172,MATCH(24,Scoring!$AH$5:$AH$172,0))) -> Strengths: Employer / company profile 5/5, Story completeness 4.8/5, Specialization 4/5. Advanced AI Pathways track, cohort 2024; 7 months to outcome. Weak on: Career transition. | N28: =IF($A28="","",INDEX(Scoring!$AD$5:$AD$172,MATCH(24,Scoring!$AH$5:$AH$172,0))) -> Clear draft quote with graduate | O28: =IF($A28="","",INDEX(Scoring!$AE$5:$AE$172,MATCH(24,Scoring!$AH$5:$AH$172,0))) -> Draft
A29: =IF(25<=$C$3,25,"") -> 25 | B29: =IF($A29="","",INDEX(Scoring!$Z$5:$Z$172,MATCH(25,Scoring!$AH$5:$AH$172,0))) -> 25 | C29: =IF($A29="","",IF(INDEX(Scoring!$AF$5:$AF$172,MATCH(25,Scoring!$AH$5:$AH$172,0))="Yes",IF(INDEX(Scoring!$Z$5:$Z$172,MATCH(25,Scoring!$AH$5:$AH$172,0))<=Weights!$C$19,"Top 30 + added","Added to queue"),"Top 30 by score")) -> Top 30 by score | D29: =IF($A29="","",INDEX(Scoring!$A$5:$A$172,MATCH(25,Scoring!$AH$5:$AH$172,0))) -> wadha-almattar | E29: =IF($A29="","",INDEX(Scoring!$B$5:$B$172,MATCH(25,Scoring!$AH$5:$AH$172,0))) -> د. وضحة المطر | F29: =IF($A29="","",INDEX(Scoring!$C$5:$C$172,MATCH(25,Scoring!$AH$5:$AH$172,0))) -> Dr. Wadha Almattar | G29: =IF($A29="","",INDEX(Scoring!$D$5:$D$172,MATCH(25,Scoring!$AH$5:$AH$172,0))) -> جامعة الإمام عبدالرحمن بن فيصل | H29: =IF($A29="","",INDEX(Scoring!$F$5:$F$172,MATCH(25,Scoring!$AH$5:$AH$172,0))) -> GenAI / NVIDIA | I29: =IF($A29="","",INDEX(Scoring!$G$5:$G$172,MATCH(25,Scoring!$AH$5:$AH$172,0))) -> 2025 | J29: =IF($A29="","",INDEX(Scoring!$H$5:$H$172,MATCH(25,Scoring!$AH$5:$AH$172,0))) -> 6 | K29: =IF($A29="","",INDEX(Scoring!$W$5:$W$172,MATCH(25,Scoring!$AH$5:$AH$172,0))) -> 68.4 | L29: =IF($A29="","",INDEX(Scoring!$AA$5:$AA$172,MATCH(25,Scoring!$AH$5:$AH$172,0))) -> Tier 2 – Priority | M29: =IF($A29="","",INDEX(Scoring!$AB$5:$AB$172,MATCH(25,Scoring!$AH$5:$AH$172,0))) -> Strengths: Employer / company profile 4/5, Achievements 5/5, Strategic relevance 5/5. GenAI / NVIDIA track, cohort 2025; 6 months to outcome. Weak on: Career transition. | N29: =IF($A29="","",INDEX(Scoring!$AD$5:$AD$172,MATCH(25,Scoring!$AH$5:$AH$172,0))) -> Clear draft quote with graduate | O29: =IF($A29="","",INDEX(Scoring!$AE$5:$AE$172,MATCH(25,Scoring!$AH$5:$AH$172,0))) -> Draft
A30: =IF(26<=$C$3,26,"") -> 26 | B30: =IF($A30="","",INDEX(Scoring!$Z$5:$Z$172,MATCH(26,Scoring!$AH$5:$AH$172,0))) -> 26 | C30: =IF($A30="","",IF(INDEX(Scoring!$AF$5:$AF$172,MATCH(26,Scoring!$AH$5:$AH$172,0))="Yes",IF(INDEX(Scoring!$Z$5:$Z$172,MATCH(26,Scoring!$AH$5:$AH$172,0))<=Weights!$C$19,"Top 30 + added","Added to queue"),"Top 30 by score")) -> Top 30 by score | D30: =IF($A30="","",INDEX(Scoring!$A$5:$A$172,MATCH(26,Scoring!$AH$5:$AH$172,0))) -> dimah-albunayyih | E30: =IF($A30="","",INDEX(Scoring!$B$5:$B$172,MATCH(26,Scoring!$AH$5:$AH$172,0))) -> ديمة البنية | F30: =IF($A30="","",INDEX(Scoring!$C$5:$C$172,MATCH(26,Scoring!$AH$5:$AH$172,0))) -> Dimah Albunayyih | G30: =IF($A30="","",INDEX(Scoring!$D$5:$D$172,MATCH(26,Scoring!$AH$5:$AH$172,0))) -> شركة علم | H30: =IF($A30="","",INDEX(Scoring!$F$5:$F$172,MATCH(26,Scoring!$AH$5:$AH$172,0))) -> Data Science & AI (T5) | I30: =IF($A30="","",INDEX(Scoring!$G$5:$G$172,MATCH(26,Scoring!$AH$5:$AH$172,0))) -> 2021 | J30: =IF($A30="","",INDEX(Scoring!$H$5:$H$172,MATCH(26,Scoring!$AH$5:$AH$172,0))) -> 4 | K30: =IF($A30="","",INDEX(Scoring!$W$5:$W$172,MATCH(26,Scoring!$AH$5:$AH$172,0))) -> 68.2 | L30: =IF($A30="","",INDEX(Scoring!$AA$5:$AA$172,MATCH(26,Scoring!$AH$5:$AH$172,0))) -> Tier 2 – Priority | M30: =IF($A30="","",INDEX(Scoring!$AB$5:$AB$172,MATCH(26,Scoring!$AH$5:$AH$172,0))) -> Strengths: Employer / company profile 5/5, Employment after training 5/5, Promotion 5/5. Data Science & AI (T5) track, cohort 2021; 4 months to outcome. Weak on: Career transition. | N30: =IF($A30="","",INDEX(Scoring!$AD$5:$AD$172,MATCH(26,Scoring!$AH$5:$AH$172,0))) -> Clear draft quote with graduate | O30: =IF($A30="","",INDEX(Scoring!$AE$5:$AE$172,MATCH(26,Scoring!$AH$5:$AH$172,0))) -> Draft
A31: =IF(27<=$C$3,27,"") -> 27 | B31: =IF($A31="","",INDEX(Scoring!$Z$5:$Z$172,MATCH(27,Scoring!$AH$5:$AH$172,0))) -> 27 | C31: =IF($A31="","",IF(INDEX(Scoring!$AF$5:$AF$172,MATCH(27,Scoring!$AH$5:$AH$172,0))="Yes",IF(INDEX(Scoring!$Z$5:$Z$172,MATCH(27,Scoring!$AH$5:$AH$172,0))<=Weights!$C$19,"Top 30 + added","Added to queue"),"Top 30 by score")) -> Top 30 by score | D31: =IF($A31="","",INDEX(Scoring!$A$5:$A$172,MATCH(27,Scoring!$AH$5:$AH$172,0))) -> radhyah-alzubaidi | E31: =IF($A31="","",INDEX(Scoring!$B$5:$B$172,MATCH(27,Scoring!$AH$5:$AH$172,0))) -> رضيه الزبيدي | F31: =IF($A31="","",INDEX(Scoring!$C$5:$C$172,MATCH(27,Scoring!$AH$5:$AH$172,0))) -> Radhyah Alzubaidi | G31: =IF($A31="","",INDEX(Scoring!$D$5:$D$172,MATCH(27,Scoring!$AH$5:$AH$172,0))) -> ماستر ووركس (Master Works) | H31: =IF($A31="","",INDEX(Scoring!$F$5:$F$172,MATCH(27,Scoring!$AH$5:$AH$172,0))) -> LLM | I31: =IF($A31="","",INDEX(Scoring!$G$5:$G$172,MATCH(27,Scoring!$AH$5:$AH$172,0))) -> 2024 | J31: =IF($A31="","",INDEX(Scoring!$H$5:$H$172,MATCH(27,Scoring!$AH$5:$AH$172,0))) -> 7 | K31: =IF($A31="","",INDEX(Scoring!$W$5:$W$172,MATCH(27,Scoring!$AH$5:$AH$172,0))) -> 68.1 | L31: =IF($A31="","",INDEX(Scoring!$AA$5:$AA$172,MATCH(27,Scoring!$AH$5:$AH$172,0))) -> Tier 2 – Priority | M31: =IF($A31="","",INDEX(Scoring!$AB$5:$AB$172,MATCH(27,Scoring!$AH$5:$AH$172,0))) -> Strengths: Employment after training 5/5, Employer / company profile 4/5, Specialization 5/5. LLM track, cohort 2024; 7 months to outcome. Weak on: Career transition. | N31: =IF($A31="","",INDEX(Scoring!$AD$5:$AD$172,MATCH(27,Scoring!$AH$5:$AH$172,0))) -> Clear draft quote with graduate; Non-photo image (avatar/monogram) | O31: =IF($A31="","",INDEX(Scoring!$AE$5:$AE$172,MATCH(27,Scoring!$AH$5:$AH$172,0))) -> Draft
A32: =IF(28<=$C$3,28,"") -> 28 | B32: =IF($A32="","",INDEX(Scoring!$Z$5:$Z$172,MATCH(28,Scoring!$AH$5:$AH$172,0))) -> 28 | C32: =IF($A32="","",IF(INDEX(Scoring!$AF$5:$AF$172,MATCH(28,Scoring!$AH$5:$AH$172,0))="Yes",IF(INDEX(Scoring!$Z$5:$Z$172,MATCH(28,Scoring!$AH$5:$AH$172,0))<=Weights!$C$19,"Top 30 + added","Added to queue"),"Top 30 by score")) -> Top 30 by score | D32: =IF($A32="","",INDEX(Scoring!$A$5:$A$172,MATCH(28,Scoring!$AH$5:$AH$172,0))) -> ranya-alkahtani | E32: =IF($A32="","",INDEX(Scoring!$B$5:$B$172,MATCH(28,Scoring!$AH$5:$AH$172,0))) -> رانيا القحطاني | F32: =IF($A32="","",INDEX(Scoring!$C$5:$C$172,MATCH(28,Scoring!$AH$5:$AH$172,0))) -> Ranya A. Alkahtani | G32: =IF($A32="","",INDEX(Scoring!$D$5:$D$172,MATCH(28,Scoring!$AH$5:$AH$172,0))) -> هيوماين (HUMAIN) | H32: =IF($A32="","",INDEX(Scoring!$F$5:$F$172,MATCH(28,Scoring!$AH$5:$AH$172,0))) -> Data Science & AI (T5) | I32: =IF($A32="","",INDEX(Scoring!$G$5:$G$172,MATCH(28,Scoring!$AH$5:$AH$172,0))) -> 2021 | J32: =IF($A32="","",INDEX(Scoring!$H$5:$H$172,MATCH(28,Scoring!$AH$5:$AH$172,0))) -> 0 | K32: =IF($A32="","",INDEX(Scoring!$W$5:$W$172,MATCH(28,Scoring!$AH$5:$AH$172,0))) -> 68 | L32: =IF($A32="","",INDEX(Scoring!$AA$5:$AA$172,MATCH(28,Scoring!$AH$5:$AH$172,0))) -> Tier 2 – Priority | M32: =IF($A32="","",INDEX(Scoring!$AB$5:$AB$172,MATCH(28,Scoring!$AH$5:$AH$172,0))) -> Strengths: Employer / company profile 5/5, Specialization 5/5, Employment after training 4/5. Data Science & AI (T5) track, cohort 2021; outcome in completion month. | N32: =IF($A32="","",INDEX(Scoring!$AD$5:$AD$172,MATCH(28,Scoring!$AH$5:$AH$172,0))) -> Clear draft quote with graduate; Hire in completion month — check subsequence | O32: =IF($A32="","",INDEX(Scoring!$AE$5:$AE$172,MATCH(28,Scoring!$AH$5:$AH$172,0))) -> Draft
A33: =IF(29<=$C$3,29,"") -> 29 | B33: =IF($A33="","",INDEX(Scoring!$Z$5:$Z$172,MATCH(29,Scoring!$AH$5:$AH$172,0))) -> 29 | C33: =IF($A33="","",IF(INDEX(Scoring!$AF$5:$AF$172,MATCH(29,Scoring!$AH$5:$AH$172,0))="Yes",IF(INDEX(Scoring!$Z$5:$Z$172,MATCH(29,Scoring!$AH$5:$AH$172,0))<=Weights!$C$19,"Top 30 + added","Added to queue"),"Top 30 by score")) -> Top 30 by score | D33: =IF($A33="","",INDEX(Scoring!$A$5:$A$172,MATCH(29,Scoring!$AH$5:$AH$172,0))) -> bayan-albaqami | E33: =IF($A33="","",INDEX(Scoring!$B$5:$B$172,MATCH(29,Scoring!$AH$5:$AH$172,0))) -> Bayan Albaqami | F33: =IF($A33="","",INDEX(Scoring!$C$5:$C$172,MATCH(29,Scoring!$AH$5:$AH$172,0))) -> Bayan Albaqami | G33: =IF($A33="","",INDEX(Scoring!$D$5:$D$172,MATCH(29,Scoring!$AH$5:$AH$172,0))) -> بنك التنمية الاجتماعية | H33: =IF($A33="","",INDEX(Scoring!$F$5:$F$172,MATCH(29,Scoring!$AH$5:$AH$172,0))) -> Data Engineering | I33: =IF($A33="","",INDEX(Scoring!$G$5:$G$172,MATCH(29,Scoring!$AH$5:$AH$172,0))) -> 2025 | J33: =IF($A33="","",INDEX(Scoring!$H$5:$H$172,MATCH(29,Scoring!$AH$5:$AH$172,0))) -> 4 | K33: =IF($A33="","",INDEX(Scoring!$W$5:$W$172,MATCH(29,Scoring!$AH$5:$AH$172,0))) -> 67.7 | L33: =IF($A33="","",INDEX(Scoring!$AA$5:$AA$172,MATCH(29,Scoring!$AH$5:$AH$172,0))) -> Tier 2 – Priority | M33: =IF($A33="","",INDEX(Scoring!$AB$5:$AB$172,MATCH(29,Scoring!$AH$5:$AH$172,0))) -> Strengths: Employment after training 5/5, Employer / company profile 4/5, Story completeness 5/5. Data Engineering track, cohort 2025; 4 months to outcome. Weak on: Promotion, Career transition. | N33: =IF($A33="","",INDEX(Scoring!$AD$5:$AD$172,MATCH(29,Scoring!$AH$5:$AH$172,0))) -> Clear draft quote with graduate | O33: =IF($A33="","",INDEX(Scoring!$AE$5:$AE$172,MATCH(29,Scoring!$AH$5:$AH$172,0))) -> Draft
A34: =IF(30<=$C$3,30,"") -> 30 | B34: =IF($A34="","",INDEX(Scoring!$Z$5:$Z$172,MATCH(30,Scoring!$AH$5:$AH$172,0))) -> 30 | C34: =IF($A34="","",IF(INDEX(Scoring!$AF$5:$AF$172,MATCH(30,Scoring!$AH$5:$AH$172,0))="Yes",IF(INDEX(Scoring!$Z$5:$Z$172,MATCH(30,Scoring!$AH$5:$AH$172,0))<=Weights!$C$19,"Top 30 + added","Added to queue"),"Top 30 by score")) -> Top 30 by score | D34: =IF($A34="","",INDEX(Scoring!$A$5:$A$172,MATCH(30,Scoring!$AH$5:$AH$172,0))) -> mohammed-albrayh | E34: =IF($A34="","",INDEX(Scoring!$B$5:$B$172,MATCH(30,Scoring!$AH$5:$AH$172,0))) -> محمد البريح | F34: =IF($A34="","",INDEX(Scoring!$C$5:$C$172,MATCH(30,Scoring!$AH$5:$AH$172,0))) -> Mohammed Albrayh | G34: =IF($A34="","",INDEX(Scoring!$D$5:$D$172,MATCH(30,Scoring!$AH$5:$AH$172,0))) -> سدايا | H34: =IF($A34="","",INDEX(Scoring!$F$5:$F$172,MATCH(30,Scoring!$AH$5:$AH$172,0))) -> LLM | I34: =IF($A34="","",INDEX(Scoring!$G$5:$G$172,MATCH(30,Scoring!$AH$5:$AH$172,0))) -> 2024 | J34: =IF($A34="","",INDEX(Scoring!$H$5:$H$172,MATCH(30,Scoring!$AH$5:$AH$172,0))) -> 3 | K34: =IF($A34="","",INDEX(Scoring!$W$5:$W$172,MATCH(30,Scoring!$AH$5:$AH$172,0))) -> 67.7 | L34: =IF($A34="","",INDEX(Scoring!$AA$5:$AA$172,MATCH(30,Scoring!$AH$5:$AH$172,0))) -> Tier 2 – Priority | M34: =IF($A34="","",INDEX(Scoring!$AB$5:$AB$172,MATCH(30,Scoring!$AH$5:$AH$172,0))) -> Strengths: Specialization 5/5, Employment after training 4/5, Story completeness 4.8/5. LLM track, cohort 2024; 3 months to outcome. Weak on: Promotion. | N34: =IF($A34="","",INDEX(Scoring!$AD$5:$AD$172,MATCH(30,Scoring!$AH$5:$AH$172,0))) -> Clear draft quote with graduate | O34: =IF($A34="","",INDEX(Scoring!$AE$5:$AE$172,MATCH(30,Scoring!$AH$5:$AH$172,0))) -> Draft
A35: =IF(31<=$C$3,31,"") -> 31 | B35: =IF($A35="","",INDEX(Scoring!$Z$5:$Z$172,MATCH(31,Scoring!$AH$5:$AH$172,0))) -> 31 | C35: =IF($A35="","",IF(INDEX(Scoring!$AF$5:$AF$172,MATCH(31,Scoring!$AH$5:$AH$172,0))="Yes",IF(INDEX(Scoring!$Z$5:$Z$172,MATCH(31,Scoring!$AH$5:$AH$172,0))<=Weights!$C$19,"Top 30 + added","Added to queue"),"Top 30 by score")) -> Added to queue | D35: =IF($A35="","",INDEX(Scoring!$A$5:$A$172,MATCH(31,Scoring!$AH$5:$AH$172,0))) -> majid-almadani | E35: =IF($A35="","",INDEX(Scoring!$B$5:$B$172,MATCH(31,Scoring!$AH$5:$AH$172,0))) -> ماجد المدني | F35: =IF($A35="","",INDEX(Scoring!$C$5:$C$172,MATCH(31,Scoring!$AH$5:$AH$172,0))) -> Majid Almadani | G35: =IF($A35="","",INDEX(Scoring!$D$5:$D$172,MATCH(31,Scoring!$AH$5:$AH$172,0))) -> البنك السعودي للاستثمار (SAIB) | H35: =IF($A35="","",INDEX(Scoring!$F$5:$F$172,MATCH(31,Scoring!$AH$5:$AH$172,0))) -> Data Science & AI (T5) | I35: =IF($A35="","",INDEX(Scoring!$G$5:$G$172,MATCH(31,Scoring!$AH$5:$AH$172,0))) -> 2024 | J35: =IF($A35="","",INDEX(Scoring!$H$5:$H$172,MATCH(31,Scoring!$AH$5:$AH$172,0))) -> 12 | K35: =IF($A35="","",INDEX(Scoring!$W$5:$W$172,MATCH(31,Scoring!$AH$5:$AH$172,0))) -> 67.4 | L35: =IF($A35="","",INDEX(Scoring!$AA$5:$AA$172,MATCH(31,Scoring!$AH$5:$AH$172,0))) -> Tier 2 – Priority | M35: =IF($A35="","",INDEX(Scoring!$AB$5:$AB$172,MATCH(31,Scoring!$AH$5:$AH$172,0))) -> Strengths: Employment after training 5/5, Employer / company profile 4/5, Specialization 5/5. Data Science & AI (T5) track, cohort 2024; 12 months to outcome. Weak on: Time since training, Career transition. | N35: =IF($A35="","",INDEX(Scoring!$AD$5:$AD$172,MATCH(31,Scoring!$AH$5:$AH$172,0))) -> Clear draft quote with graduate; Add employer logo | O35: =IF($A35="","",INDEX(Scoring!$AE$5:$AE$172,MATCH(31,Scoring!$AH$5:$AH$172,0))) -> Draft
A36: =IF(32<=$C$3,32,"") -> 32 | B36: =IF($A36="","",INDEX(Scoring!$Z$5:$Z$172,MATCH(32,Scoring!$AH$5:$AH$172,0))) -> 32 | C36: =IF($A36="","",IF(INDEX(Scoring!$AF$5:$AF$172,MATCH(32,Scoring!$AH$5:$AH$172,0))="Yes",IF(INDEX(Scoring!$Z$5:$Z$172,MATCH(32,Scoring!$AH$5:$AH$172,0))<=Weights!$C$19,"Top 30 + added","Added to queue"),"Top 30 by score")) -> Added to queue | D36: =IF($A36="","",INDEX(Scoring!$A$5:$A$172,MATCH(32,Scoring!$AH$5:$AH$172,0))) -> mazen-alkhodairi | E36: =IF($A36="","",INDEX(Scoring!$B$5:$B$172,MATCH(32,Scoring!$AH$5:$AH$172,0))) -> مازن الخضيري | F36: =IF($A36="","",INDEX(Scoring!$C$5:$C$172,MATCH(32,Scoring!$AH$5:$AH$172,0))) -> Mazen Alkhodairi | G36: =IF($A36="","",INDEX(Scoring!$D$5:$D$172,MATCH(32,Scoring!$AH$5:$AH$172,0))) -> شركة الإلكترونيات المتقدمة (SAMI Advanced Electronics) | H36: =IF($A36="","",INDEX(Scoring!$F$5:$F$172,MATCH(32,Scoring!$AH$5:$AH$172,0))) -> Advanced AI Pathways | I36: =IF($A36="","",INDEX(Scoring!$G$5:$G$172,MATCH(32,Scoring!$AH$5:$AH$172,0))) -> 2025 | J36: =IF($A36="","",INDEX(Scoring!$H$5:$H$172,MATCH(32,Scoring!$AH$5:$AH$172,0))) -> 9 | K36: =IF($A36="","",INDEX(Scoring!$W$5:$W$172,MATCH(32,Scoring!$AH$5:$AH$172,0))) -> 67.3 | L36: =IF($A36="","",INDEX(Scoring!$AA$5:$AA$172,MATCH(32,Scoring!$AH$5:$AH$172,0))) -> Tier 2 – Priority | M36: =IF($A36="","",INDEX(Scoring!$AB$5:$AB$172,MATCH(32,Scoring!$AH$5:$AH$172,0))) -> Strengths: Employment after training 5/5, Employer / company profile 4/5, Story completeness 5/5. Advanced AI Pathways track, cohort 2025; 9 months to outcome. Weak on: Promotion. | N36: =IF($A36="","",INDEX(Scoring!$AD$5:$AD$172,MATCH(32,Scoring!$AH$5:$AH$172,0))) -> Clear draft quote with graduate | O36: =IF($A36="","",INDEX(Scoring!$AE$5:$AE$172,MATCH(32,Scoring!$AH$5:$AH$172,0))) -> Draft
A37: =IF(33<=$C$3,33,"") -> 33 | B37: =IF($A37="","",INDEX(Scoring!$Z$5:$Z$172,MATCH(33,Scoring!$AH$5:$AH$172,0))) -> 39 | C37: =IF($A37="","",IF(INDEX(Scoring!$AF$5:$AF$172,MATCH(33,Scoring!$AH$5:$AH$172,0))="Yes",IF(INDEX(Scoring!$Z$5:$Z$172,MATCH(33,Scoring!$AH$5:$AH$172,0))<=Weights!$C$19,"Top 30 + added","Added to queue"),"Top 30 by score")) -> Added to queue | D37: =IF($A37="","",INDEX(Scoring!$A$5:$A$172,MATCH(33,Scoring!$AH$5:$AH$172,0))) -> abdullah-almazrua | E37: =IF($A37="","",INDEX(Scoring!$B$5:$B$172,MATCH(33,Scoring!$AH$5:$AH$172,0))) -> عبدالله المزروع | F37: =IF($A37="","",INDEX(Scoring!$C$5:$C$172,MATCH(33,Scoring!$AH$5:$AH$172,0))) -> Abdullah Almazrua | G37: =IF($A37="","",INDEX(Scoring!$D$5:$D$172,MATCH(33,Scoring!$AH$5:$AH$172,0))) -> مصرف الراجحي | H37: =IF($A37="","",INDEX(Scoring!$F$5:$F$172,MATCH(33,Scoring!$AH$5:$AH$172,0))) -> Data Science & AI (T5) | I37: =IF($A37="","",INDEX(Scoring!$G$5:$G$172,MATCH(33,Scoring!$AH$5:$AH$172,0))) -> 2024 | J37: =IF($A37="","",INDEX(Scoring!$H$5:$H$172,MATCH(33,Scoring!$AH$5:$AH$172,0))) -> 8 | K37: =IF($A37="","",INDEX(Scoring!$W$5:$W$172,MATCH(33,Scoring!$AH$5:$AH$172,0))) -> 65.7 | L37: =IF($A37="","",INDEX(Scoring!$AA$5:$AA$172,MATCH(33,Scoring!$AH$5:$AH$172,0))) -> Tier 2 – Priority | M37: =IF($A37="","",INDEX(Scoring!$AB$5:$AB$172,MATCH(33,Scoring!$AH$5:$AH$172,0))) -> Strengths: Employer / company profile 5/5, Employment after training 5/5, Specialization 4/5. Data Science & AI (T5) track, cohort 2024; 8 months to outcome. Weak on: Career transition. | N37: =IF($A37="","",INDEX(Scoring!$AD$5:$AD$172,MATCH(33,Scoring!$AH$5:$AH$172,0))) -> Clear draft quote with graduate | O37: =IF($A37="","",INDEX(Scoring!$AE$5:$AE$172,MATCH(33,Scoring!$AH$5:$AH$172,0))) -> Draft
A38: =IF(34<=$C$3,34,"") -> 34 | B38: =IF($A38="","",INDEX(Scoring!$Z$5:$Z$172,MATCH(34,Scoring!$AH$5:$AH$172,0))) -> 40 | C38: =IF($A38="","",IF(INDEX(Scoring!$AF$5:$AF$172,MATCH(34,Scoring!$AH$5:$AH$172,0))="Yes",IF(INDEX(Scoring!$Z$5:$Z$172,MATCH(34,Scoring!$AH$5:$AH$172,0))<=Weights!$C$19,"Top 30 + added","Added to queue"),"Top 30 by score")) -> Added to queue | D38: =IF($A38="","",INDEX(Scoring!$A$5:$A$172,MATCH(34,Scoring!$AH$5:$AH$172,0))) -> hassan-abid | E38: =IF($A38="","",INDEX(Scoring!$B$5:$B$172,MATCH(34,Scoring!$AH$5:$AH$172,0))) -> حسن عبدالباسط عابد | F38: =IF($A38="","",INDEX(Scoring!$C$5:$C$172,MATCH(34,Scoring!$AH$5:$AH$172,0))) -> Hassan Abdulbasit Abid | G38: =IF($A38="","",INDEX(Scoring!$D$5:$D$172,MATCH(34,Scoring!$AH$5:$AH$172,0))) -> Devoteam | H38: =IF($A38="","",INDEX(Scoring!$F$5:$F$172,MATCH(34,Scoring!$AH$5:$AH$172,0))) -> LLM | I38: =IF($A38="","",INDEX(Scoring!$G$5:$G$172,MATCH(34,Scoring!$AH$5:$AH$172,0))) -> 2024 | J38: =IF($A38="","",INDEX(Scoring!$H$5:$H$172,MATCH(34,Scoring!$AH$5:$AH$172,0))) -> 1 | K38: =IF($A38="","",INDEX(Scoring!$W$5:$W$172,MATCH(34,Scoring!$AH$5:$AH$172,0))) -> 65.6 | L38: =IF($A38="","",INDEX(Scoring!$AA$5:$AA$172,MATCH(34,Scoring!$AH$5:$AH$172,0))) -> Tier 2 – Priority | M38: =IF($A38="","",INDEX(Scoring!$AB$5:$AB$172,MATCH(34,Scoring!$AH$5:$AH$172,0))) -> Strengths: Employment after training 5/5, Employer / company profile 4/5, Time since training 5/5. LLM track, cohort 2024; 1 month to outcome. Weak on: Promotion, Career transition. | N38: =IF($A38="","",INDEX(Scoring!$AD$5:$AD$172,MATCH(34,Scoring!$AH$5:$AH$172,0))) -> Clear draft quote with graduate | O38: =IF($A38="","",INDEX(Scoring!$AE$5:$AE$172,MATCH(34,Scoring!$AH$5:$AH$172,0))) -> Draft
A39: =IF(35<=$C$3,35,"") -> 35 | B39: =IF($A39="","",INDEX(Scoring!$Z$5:$Z$172,MATCH(35,Scoring!$AH$5:$AH$172,0))) -> 43 | C39: =IF($A39="","",IF(INDEX(Scoring!$AF$5:$AF$172,MATCH(35,Scoring!$AH$5:$AH$172,0))="Yes",IF(INDEX(Scoring!$Z$5:$Z$172,MATCH(35,Scoring!$AH$5:$AH$172,0))<=Weights!$C$19,"Top 30 + added","Added to queue"),"Top 30 by score")) -> Added to queue | D39: =IF($A39="","",INDEX(Scoring!$A$5:$A$172,MATCH(35,Scoring!$AH$5:$AH$172,0))) -> abdulaziz-alenazi | E39: =IF($A39="","",INDEX(Scoring!$B$5:$B$172,MATCH(35,Scoring!$AH$5:$AH$172,0))) -> عبدالعزيز العنزي | F39: =IF($A39="","",INDEX(Scoring!$C$5:$C$172,MATCH(35,Scoring!$AH$5:$AH$172,0))) -> Abdulaziz Alenazi | G39: =IF($A39="","",INDEX(Scoring!$D$5:$D$172,MATCH(35,Scoring!$AH$5:$AH$172,0))) -> لوسيديا (Lucidya) | H39: =IF($A39="","",INDEX(Scoring!$F$5:$F$172,MATCH(35,Scoring!$AH$5:$AH$172,0))) -> LLM | I39: =IF($A39="","",INDEX(Scoring!$G$5:$G$172,MATCH(35,Scoring!$AH$5:$AH$172,0))) -> 2024 | J39: =IF($A39="","",INDEX(Scoring!$H$5:$H$172,MATCH(35,Scoring!$AH$5:$AH$172,0))) -> 3 | K39: =IF($A39="","",INDEX(Scoring!$W$5:$W$172,MATCH(35,Scoring!$AH$5:$AH$172,0))) -> 65.1 | L39: =IF($A39="","",INDEX(Scoring!$AA$5:$AA$172,MATCH(35,Scoring!$AH$5:$AH$172,0))) -> Tier 2 – Priority | M39: =IF($A39="","",INDEX(Scoring!$AB$5:$AB$172,MATCH(35,Scoring!$AH$5:$AH$172,0))) -> Strengths: Employment after training 5/5, Employer / company profile 4/5, Specialization 5/5. LLM track, cohort 2024; 3 months to outcome. Weak on: Promotion, Career transition. | N39: =IF($A39="","",INDEX(Scoring!$AD$5:$AD$172,MATCH(35,Scoring!$AH$5:$AH$172,0))) -> Clear draft quote with graduate | O39: =IF($A39="","",INDEX(Scoring!$AE$5:$AE$172,MATCH(35,Scoring!$AH$5:$AH$172,0))) -> Draft
A40: =IF(36<=$C$3,36,"") -> 36 | B40: =IF($A40="","",INDEX(Scoring!$Z$5:$Z$172,MATCH(36,Scoring!$AH$5:$AH$172,0))) -> 45 | C40: =IF($A40="","",IF(INDEX(Scoring!$AF$5:$AF$172,MATCH(36,Scoring!$AH$5:$AH$172,0))="Yes",IF(INDEX(Scoring!$Z$5:$Z$172,MATCH(36,Scoring!$AH$5:$AH$172,0))<=Weights!$C$19,"Top 30 + added","Added to queue"),"Top 30 by score")) -> Added to queue | D40: =IF($A40="","",INDEX(Scoring!$A$5:$A$172,MATCH(36,Scoring!$AH$5:$AH$172,0))) -> saleh-altuwaijri | E40: =IF($A40="","",INDEX(Scoring!$B$5:$B$172,MATCH(36,Scoring!$AH$5:$AH$172,0))) -> صالح التويجري | F40: =IF($A40="","",INDEX(Scoring!$C$5:$C$172,MATCH(36,Scoring!$AH$5:$AH$172,0))) -> Saleh Altuwaijri | G40: =IF($A40="","",INDEX(Scoring!$D$5:$D$172,MATCH(36,Scoring!$AH$5:$AH$172,0))) -> المركز الوطني لنظم الموارد الحكومية (NCGR) | H40: =IF($A40="","",INDEX(Scoring!$F$5:$F$172,MATCH(36,Scoring!$AH$5:$AH$172,0))) -> Data Science & AI (T5) | I40: =IF($A40="","",INDEX(Scoring!$G$5:$G$172,MATCH(36,Scoring!$AH$5:$AH$172,0))) -> 2024 | J40: =IF($A40="","",INDEX(Scoring!$H$5:$H$172,MATCH(36,Scoring!$AH$5:$AH$172,0))) -> 10 | K40: =IF($A40="","",INDEX(Scoring!$W$5:$W$172,MATCH(36,Scoring!$AH$5:$AH$172,0))) -> 64.9 | L40: =IF($A40="","",INDEX(Scoring!$AA$5:$AA$172,MATCH(36,Scoring!$AH$5:$AH$172,0))) -> Tier 2 – Priority | M40: =IF($A40="","",INDEX(Scoring!$AB$5:$AB$172,MATCH(36,Scoring!$AH$5:$AH$172,0))) -> Strengths: Employment after training 5/5, Employer / company profile 4/5, Specialization 5/5. Data Science & AI (T5) track, cohort 2024; 10 months to outcome. Weak on: Promotion. | N40: =IF($A40="","",INDEX(Scoring!$AD$5:$AD$172,MATCH(36,Scoring!$AH$5:$AH$172,0))) -> Clear draft quote with graduate | O40: =IF($A40="","",INDEX(Scoring!$AE$5:$AE$172,MATCH(36,Scoring!$AH$5:$AH$172,0))) -> Draft
A41: =IF(37<=$C$3,37,"") -> 37 | B41: =IF($A41="","",INDEX(Scoring!$Z$5:$Z$172,MATCH(37,Scoring!$AH$5:$AH$172,0))) -> 47 | C41: =IF($A41="","",IF(INDEX(Scoring!$AF$5:$AF$172,MATCH(37,Scoring!$AH$5:$AH$172,0))="Yes",IF(INDEX(Scoring!$Z$5:$Z$172,MATCH(37,Scoring!$AH$5:$AH$172,0))<=Weights!$C$19,"Top 30 + added","Added to queue"),"Top 30 by score")) -> Added to queue | D41: =IF($A41="","",INDEX(Scoring!$A$5:$A$172,MATCH(37,Scoring!$AH$5:$AH$172,0))) -> safiyah-alshammari | E41: =IF($A41="","",INDEX(Scoring!$B$5:$B$172,MATCH(37,Scoring!$AH$5:$AH$172,0))) -> صفية الشمري | F41: =IF($A41="","",INDEX(Scoring!$C$5:$C$172,MATCH(37,Scoring!$AH$5:$AH$172,0))) -> Safiyah Alshammari | G41: =IF($A41="","",INDEX(Scoring!$D$5:$D$172,MATCH(37,Scoring!$AH$5:$AH$172,0))) -> أرامكو السعودية | H41: =IF($A41="","",INDEX(Scoring!$F$5:$F$172,MATCH(37,Scoring!$AH$5:$AH$172,0))) -> Data Science & AI (T5) | I41: =IF($A41="","",INDEX(Scoring!$G$5:$G$172,MATCH(37,Scoring!$AH$5:$AH$172,0))) -> 2023 | J41: =IF($A41="","",INDEX(Scoring!$H$5:$H$172,MATCH(37,Scoring!$AH$5:$AH$172,0))) -> 7 | K41: =IF($A41="","",INDEX(Scoring!$W$5:$W$172,MATCH(37,Scoring!$AH$5:$AH$172,0))) -> 64.7 | L41: =IF($A41="","",INDEX(Scoring!$AA$5:$AA$172,MATCH(37,Scoring!$AH$5:$AH$172,0))) -> Tier 2 – Priority | M41: =IF($A41="","",INDEX(Scoring!$AB$5:$AB$172,MATCH(37,Scoring!$AH$5:$AH$172,0))) -> Strengths: Employer / company profile 5/5, Employment after training 5/5, Story completeness 4.6/5. Data Science & AI (T5) track, cohort 2023; 7 months to outcome. Weak on: Promotion, Career transition. | N41: =IF($A41="","",INDEX(Scoring!$AD$5:$AD$172,MATCH(37,Scoring!$AH$5:$AH$172,0))) -> Clear draft quote with graduate | O41: =IF($A41="","",INDEX(Scoring!$AE$5:$AE$172,MATCH(37,Scoring!$AH$5:$AH$172,0))) -> Draft
A42: =IF(38<=$C$3,38,"") -> 38 | B42: =IF($A42="","",INDEX(Scoring!$Z$5:$Z$172,MATCH(38,Scoring!$AH$5:$AH$172,0))) -> 48 | C42: =IF($A42="","",IF(INDEX(Scoring!$AF$5:$AF$172,MATCH(38,Scoring!$AH$5:$AH$172,0))="Yes",IF(INDEX(Scoring!$Z$5:$Z$172,MATCH(38,Scoring!$AH$5:$AH$172,0))<=Weights!$C$19,"Top 30 + added","Added to queue"),"Top 30 by score")) -> Added to queue | D42: =IF($A42="","",INDEX(Scoring!$A$5:$A$172,MATCH(38,Scoring!$AH$5:$AH$172,0))) -> hamad-almuhaythif | E42: =IF($A42="","",INDEX(Scoring!$B$5:$B$172,MATCH(38,Scoring!$AH$5:$AH$172,0))) -> حمد المحيذف | F42: =IF($A42="","",INDEX(Scoring!$C$5:$C$172,MATCH(38,Scoring!$AH$5:$AH$172,0))) -> Hamad Almuhaythif | G42: =IF($A42="","",INDEX(Scoring!$D$5:$D$172,MATCH(38,Scoring!$AH$5:$AH$172,0))) -> الشركة السعودية لشراكات المياه SWPC | H42: =IF($A42="","",INDEX(Scoring!$F$5:$F$172,MATCH(38,Scoring!$AH$5:$AH$172,0))) -> Data Engineering | I42: =IF($A42="","",INDEX(Scoring!$G$5:$G$172,MATCH(38,Scoring!$AH$5:$AH$172,0))) -> 2025 | J42: =IF($A42="","",INDEX(Scoring!$H$5:$H$172,MATCH(38,Scoring!$AH$5:$AH$172,0))) -> n/a | K42: =IF($A42="","",INDEX(Scoring!$W$5:$W$172,MATCH(38,Scoring!$AH$5:$AH$172,0))) -> 64.6 | L42: =IF($A42="","",INDEX(Scoring!$AA$5:$AA$172,MATCH(38,Scoring!$AH$5:$AH$172,0))) -> Tier 2 – Priority | M42: =IF($A42="","",INDEX(Scoring!$AB$5:$AB$172,MATCH(38,Scoring!$AH$5:$AH$172,0))) -> Strengths: Employment after training 5/5, Employer / company profile 4/5, Specialization 5/5. Data Engineering track, cohort 2025; timing dated by year only. Weak on: Promotion, Career transition. | N42: =IF($A42="","",INDEX(Scoring!$AD$5:$AD$172,MATCH(38,Scoring!$AH$5:$AH$172,0))) -> Confirm month-level date | O42: =IF($A42="","",INDEX(Scoring!$AE$5:$AE$172,MATCH(38,Scoring!$AH$5:$AH$172,0))) -> Verified
A43: =IF(39<=$C$3,39,"") -> 39 | B43: =IF($A43="","",INDEX(Scoring!$Z$5:$Z$172,MATCH(39,Scoring!$AH$5:$AH$172,0))) -> 49 | C43: =IF($A43="","",IF(INDEX(Scoring!$AF$5:$AF$172,MATCH(39,Scoring!$AH$5:$AH$172,0))="Yes",IF(INDEX(Scoring!$Z$5:$Z$172,MATCH(39,Scoring!$AH$5:$AH$172,0))<=Weights!$C$19,"Top 30 + added","Added to queue"),"Top 30 by score")) -> Added to queue | D43: =IF($A43="","",INDEX(Scoring!$A$5:$A$172,MATCH(39,Scoring!$AH$5:$AH$172,0))) -> talal-alharthi | E43: =IF($A43="","",INDEX(Scoring!$B$5:$B$172,MATCH(39,Scoring!$AH$5:$AH$172,0))) -> طلال الحارثي | F43: =IF($A43="","",INDEX(Scoring!$C$5:$C$172,MATCH(39,Scoring!$AH$5:$AH$172,0))) -> Talal Alharthi | G43: =IF($A43="","",INDEX(Scoring!$D$5:$D$172,MATCH(39,Scoring!$AH$5:$AH$172,0))) -> شمال (SHAMAL) | H43: =IF($A43="","",INDEX(Scoring!$F$5:$F$172,MATCH(39,Scoring!$AH$5:$AH$172,0))) -> Cloud | I43: =IF($A43="","",INDEX(Scoring!$G$5:$G$172,MATCH(39,Scoring!$AH$5:$AH$172,0))) -> 2025 | J43: =IF($A43="","",INDEX(Scoring!$H$5:$H$172,MATCH(39,Scoring!$AH$5:$AH$172,0))) -> 5 | K43: =IF($A43="","",INDEX(Scoring!$W$5:$W$172,MATCH(39,Scoring!$AH$5:$AH$172,0))) -> 64.6 | L43: =IF($A43="","",INDEX(Scoring!$AA$5:$AA$172,MATCH(39,Scoring!$AH$5:$AH$172,0))) -> Tier 2 – Priority | M43: =IF($A43="","",INDEX(Scoring!$AB$5:$AB$172,MATCH(39,Scoring!$AH$5:$AH$172,0))) -> Strengths: Employment after training 5/5, Employer / company profile 4/5, Story completeness 5/5. Cloud track, cohort 2025; 5 months to outcome. Weak on: Promotion, Career transition. | N43: =IF($A43="","",INDEX(Scoring!$AD$5:$AD$172,MATCH(39,Scoring!$AH$5:$AH$172,0))) -> Clear draft quote with graduate | O43: =IF($A43="","",INDEX(Scoring!$AE$5:$AE$172,MATCH(39,Scoring!$AH$5:$AH$172,0))) -> Draft
A44: =IF(40<=$C$3,40,"") -> 40 | B44: =IF($A44="","",INDEX(Scoring!$Z$5:$Z$172,MATCH(40,Scoring!$AH$5:$AH$172,0))) -> 54 | C44: =IF($A44="","",IF(INDEX(Scoring!$AF$5:$AF$172,MATCH(40,Scoring!$AH$5:$AH$172,0))="Yes",IF(INDEX(Scoring!$Z$5:$Z$172,MATCH(40,Scoring!$AH$5:$AH$172,0))<=Weights!$C$19,"Top 30 + added","Added to queue"),"Top 30 by score")) -> Added to queue | D44: =IF($A44="","",INDEX(Scoring!$A$5:$A$172,MATCH(40,Scoring!$AH$5:$AH$172,0))) -> wejdan-mangl | E44: =IF($A44="","",INDEX(Scoring!$B$5:$B$172,MATCH(40,Scoring!$AH$5:$AH$172,0))) -> وجدان منقل | F44: =IF($A44="","",INDEX(Scoring!$C$5:$C$172,MATCH(40,Scoring!$AH$5:$AH$172,0))) -> Wejdan Mangl | G44: =IF($A44="","",INDEX(Scoring!$D$5:$D$172,MATCH(40,Scoring!$AH$5:$AH$172,0))) -> شركة علم | H44: =IF($A44="","",INDEX(Scoring!$F$5:$F$172,MATCH(40,Scoring!$AH$5:$AH$172,0))) -> AI Summer Champions | I44: =IF($A44="","",INDEX(Scoring!$G$5:$G$172,MATCH(40,Scoring!$AH$5:$AH$172,0))) -> 2022 | J44: =IF($A44="","",INDEX(Scoring!$H$5:$H$172,MATCH(40,Scoring!$AH$5:$AH$172,0))) -> 13 | K44: =IF($A44="","",INDEX(Scoring!$W$5:$W$172,MATCH(40,Scoring!$AH$5:$AH$172,0))) -> 63.5 | L44: =IF($A44="","",INDEX(Scoring!$AA$5:$AA$172,MATCH(40,Scoring!$AH$5:$AH$172,0))) -> Tier 2 – Priority | M44: =IF($A44="","",INDEX(Scoring!$AB$5:$AB$172,MATCH(40,Scoring!$AH$5:$AH$172,0))) -> Strengths: Employer / company profile 5/5, Employment after training 5/5, Specialization 4/5. AI Summer Champions track, cohort 2022; 13 months to outcome. Weak on: Time since training, Career transition. | N44: =IF($A44="","",INDEX(Scoring!$AD$5:$AD$172,MATCH(40,Scoring!$AH$5:$AH$172,0))) -> Clear draft quote with graduate | O44: =IF($A44="","",INDEX(Scoring!$AE$5:$AE$172,MATCH(40,Scoring!$AH$5:$AH$172,0))) -> Draft
A45: =IF(41<=$C$3,41,"") -> 41 | B45: =IF($A45="","",INDEX(Scoring!$Z$5:$Z$172,MATCH(41,Scoring!$AH$5:$AH$172,0))) -> 60 | C45: =IF($A45="","",IF(INDEX(Scoring!$AF$5:$AF$172,MATCH(41,Scoring!$AH$5:$AH$172,0))="Yes",IF(INDEX(Scoring!$Z$5:$Z$172,MATCH(41,Scoring!$AH$5:$AH$172,0))<=Weights!$C$19,"Top 30 + added","Added to queue"),"Top 30 by score")) -> Added to queue | D45: =IF($A45="","",INDEX(Scoring!$A$5:$A$172,MATCH(41,Scoring!$AH$5:$AH$172,0))) -> mohammed-aldeaiji | E45: =IF($A45="","",INDEX(Scoring!$B$5:$B$172,MATCH(41,Scoring!$AH$5:$AH$172,0))) -> محمد الدعيجي | F45: =IF($A45="","",INDEX(Scoring!$C$5:$C$172,MATCH(41,Scoring!$AH$5:$AH$172,0))) -> Mohammed Aldeaiji | G45: =IF($A45="","",INDEX(Scoring!$D$5:$D$172,MATCH(41,Scoring!$AH$5:$AH$172,0))) -> هدهد (HudHud Maps) | H45: =IF($A45="","",INDEX(Scoring!$F$5:$F$172,MATCH(41,Scoring!$AH$5:$AH$172,0))) -> Data Science & AI (T5) | I45: =IF($A45="","",INDEX(Scoring!$G$5:$G$172,MATCH(41,Scoring!$AH$5:$AH$172,0))) -> 2024 | J45: =IF($A45="","",INDEX(Scoring!$H$5:$H$172,MATCH(41,Scoring!$AH$5:$AH$172,0))) -> 2 | K45: =IF($A45="","",INDEX(Scoring!$W$5:$W$172,MATCH(41,Scoring!$AH$5:$AH$172,0))) -> 62.9 | L45: =IF($A45="","",INDEX(Scoring!$AA$5:$AA$172,MATCH(41,Scoring!$AH$5:$AH$172,0))) -> Tier 2 – Priority | M45: =IF($A45="","",INDEX(Scoring!$AB$5:$AB$172,MATCH(41,Scoring!$AH$5:$AH$172,0))) -> Strengths: Employment after training 5/5, Employer / company profile 4/5, Specialization 5/5. Data Science & AI (T5) track, cohort 2024; 2 months to outcome. Weak on: Promotion, Career transition. | N45: =IF($A45="","",INDEX(Scoring!$AD$5:$AD$172,MATCH(41,Scoring!$AH$5:$AH$172,0))) -> Clear draft quote with graduate | O45: =IF($A45="","",INDEX(Scoring!$AE$5:$AE$172,MATCH(41,Scoring!$AH$5:$AH$172,0))) -> Draft
A46: =IF(42<=$C$3,42,"") -> 42 | B46: =IF($A46="","",INDEX(Scoring!$Z$5:$Z$172,MATCH(42,Scoring!$AH$5:$AH$172,0))) -> 64 | C46: =IF($A46="","",IF(INDEX(Scoring!$AF$5:$AF$172,MATCH(42,Scoring!$AH$5:$AH$172,0))="Yes",IF(INDEX(Scoring!$Z$5:$Z$172,MATCH(42,Scoring!$AH$5:$AH$172,0))<=Weights!$C$19,"Top 30 + added","Added to queue"),"Top 30 by score")) -> Added to queue | D46: =IF($A46="","",INDEX(Scoring!$A$5:$A$172,MATCH(42,Scoring!$AH$5:$AH$172,0))) -> abdullah-alowayyid | E46: =IF($A46="","",INDEX(Scoring!$B$5:$B$172,MATCH(42,Scoring!$AH$5:$AH$172,0))) -> عبدالله العويد | F46: =IF($A46="","",INDEX(Scoring!$C$5:$C$172,MATCH(42,Scoring!$AH$5:$AH$172,0))) -> Abdullah Alowayyid | G46: =IF($A46="","",INDEX(Scoring!$D$5:$D$172,MATCH(42,Scoring!$AH$5:$AH$172,0))) -> البنك العربي الوطني (ANB) | H46: =IF($A46="","",INDEX(Scoring!$F$5:$F$172,MATCH(42,Scoring!$AH$5:$AH$172,0))) -> Data Management | I46: =IF($A46="","",INDEX(Scoring!$G$5:$G$172,MATCH(42,Scoring!$AH$5:$AH$172,0))) -> 2023 | J46: =IF($A46="","",INDEX(Scoring!$H$5:$H$172,MATCH(42,Scoring!$AH$5:$AH$172,0))) -> 8 | K46: =IF($A46="","",INDEX(Scoring!$W$5:$W$172,MATCH(42,Scoring!$AH$5:$AH$172,0))) -> 62.1 | L46: =IF($A46="","",INDEX(Scoring!$AA$5:$AA$172,MATCH(42,Scoring!$AH$5:$AH$172,0))) -> Tier 2 – Priority | M46: =IF($A46="","",INDEX(Scoring!$AB$5:$AB$172,MATCH(42,Scoring!$AH$5:$AH$172,0))) -> Strengths: Employment after training 5/5, Employer / company profile 4/5, Story completeness 5/5. Data Management track, cohort 2023; 8 months to outcome. Weak on: Promotion, Career transition. | N46: =IF($A46="","",INDEX(Scoring!$AD$5:$AD$172,MATCH(42,Scoring!$AH$5:$AH$172,0))) -> Clear draft quote with graduate | O46: =IF($A46="","",INDEX(Scoring!$AE$5:$AE$172,MATCH(42,Scoring!$AH$5:$AH$172,0))) -> Draft
A47: =IF(43<=$C$3,43,"") -> 43 | B47: =IF($A47="","",INDEX(Scoring!$Z$5:$Z$172,MATCH(43,Scoring!$AH$5:$AH$172,0))) -> 65 | C47: =IF($A47="","",IF(INDEX(Scoring!$AF$5:$AF$172,MATCH(43,Scoring!$AH$5:$AH$172,0))="Yes",IF(INDEX(Scoring!$Z$5:$Z$172,MATCH(43,Scoring!$AH$5:$AH$172,0))<=Weights!$C$19,"Top 30 + added","Added to queue"),"Top 30 by score")) -> Added to queue | D47: =IF($A47="","",INDEX(Scoring!$A$5:$A$172,MATCH(43,Scoring!$AH$5:$AH$172,0))) -> dina-bokhamseen | E47: =IF($A47="","",INDEX(Scoring!$B$5:$B$172,MATCH(43,Scoring!$AH$5:$AH$172,0))) -> دينا بوخمسين | F47: =IF($A47="","",INDEX(Scoring!$C$5:$C$172,MATCH(43,Scoring!$AH$5:$AH$172,0))) -> Dina Bokhamseen | G47: =IF($A47="","",INDEX(Scoring!$D$5:$D$172,MATCH(43,Scoring!$AH$5:$AH$172,0))) -> أكسنتشر | H47: =IF($A47="","",INDEX(Scoring!$F$5:$F$172,MATCH(43,Scoring!$AH$5:$AH$172,0))) -> Data Science & AI (T5) | I47: =IF($A47="","",INDEX(Scoring!$G$5:$G$172,MATCH(43,Scoring!$AH$5:$AH$172,0))) -> 2023 | J47: =IF($A47="","",INDEX(Scoring!$H$5:$H$172,MATCH(43,Scoring!$AH$5:$AH$172,0))) -> 4 | K47: =IF($A47="","",INDEX(Scoring!$W$5:$W$172,MATCH(43,Scoring!$AH$5:$AH$172,0))) -> 61.9 | L47: =IF($A47="","",INDEX(Scoring!$AA$5:$AA$172,MATCH(43,Scoring!$AH$5:$AH$172,0))) -> Tier 2 – Priority | M47: =IF($A47="","",INDEX(Scoring!$AB$5:$AB$172,MATCH(43,Scoring!$AH$5:$AH$172,0))) -> Strengths: Employment after training 5/5, Employer / company profile 4/5, Specialization 5/5. Data Science & AI (T5) track, cohort 2023; 4 months to outcome. Weak on: Promotion, Career transition. | N47: =IF($A47="","",INDEX(Scoring!$AD$5:$AD$172,MATCH(43,Scoring!$AH$5:$AH$172,0))) -> Clear draft quote with graduate | O47: =IF($A47="","",INDEX(Scoring!$AE$5:$AE$172,MATCH(43,Scoring!$AH$5:$AH$172,0))) -> Draft
A48: =IF(44<=$C$3,44,"") -> 44 | B48: =IF($A48="","",INDEX(Scoring!$Z$5:$Z$172,MATCH(44,Scoring!$AH$5:$AH$172,0))) -> 68 | C48: =IF($A48="","",IF(INDEX(Scoring!$AF$5:$AF$172,MATCH(44,Scoring!$AH$5:$AH$172,0))="Yes",IF(INDEX(Scoring!$Z$5:$Z$172,MATCH(44,Scoring!$AH$5:$AH$172,0))<=Weights!$C$19,"Top 30 + added","Added to queue"),"Top 30 by score")) -> Added to queue | D48: =IF($A48="","",INDEX(Scoring!$A$5:$A$172,MATCH(44,Scoring!$AH$5:$AH$172,0))) -> rawan-althubyani | E48: =IF($A48="","",INDEX(Scoring!$B$5:$B$172,MATCH(44,Scoring!$AH$5:$AH$172,0))) -> روان الذبياني | F48: =IF($A48="","",INDEX(Scoring!$C$5:$C$172,MATCH(44,Scoring!$AH$5:$AH$172,0))) -> Rawan Althubyani | G48: =IF($A48="","",INDEX(Scoring!$D$5:$D$172,MATCH(44,Scoring!$AH$5:$AH$172,0))) -> إمارة منطقة مكة المكرمة | H48: =IF($A48="","",INDEX(Scoring!$F$5:$F$172,MATCH(44,Scoring!$AH$5:$AH$172,0))) -> Data Science & AI (T5) | I48: =IF($A48="","",INDEX(Scoring!$G$5:$G$172,MATCH(44,Scoring!$AH$5:$AH$172,0))) -> 2024 | J48: =IF($A48="","",INDEX(Scoring!$H$5:$H$172,MATCH(44,Scoring!$AH$5:$AH$172,0))) -> 10 | K48: =IF($A48="","",INDEX(Scoring!$W$5:$W$172,MATCH(44,Scoring!$AH$5:$AH$172,0))) -> 61.7 | L48: =IF($A48="","",INDEX(Scoring!$AA$5:$AA$172,MATCH(44,Scoring!$AH$5:$AH$172,0))) -> Tier 2 – Priority | M48: =IF($A48="","",INDEX(Scoring!$AB$5:$AB$172,MATCH(44,Scoring!$AH$5:$AH$172,0))) -> Strengths: Employment after training 5/5, Employer / company profile 4/5, Story completeness 4.3/5. Data Science & AI (T5) track, cohort 2024; 10 months to outcome. Weak on: Promotion. | N48: =IF($A48="","",INDEX(Scoring!$AD$5:$AD$172,MATCH(44,Scoring!$AH$5:$AH$172,0))) -> Ready | O48: =IF($A48="","",INDEX(Scoring!$AE$5:$AE$172,MATCH(44,Scoring!$AH$5:$AH$172,0))) -> Verified
A49: =IF(45<=$C$3,45,"") -> 45 | B49: =IF($A49="","",INDEX(Scoring!$Z$5:$Z$172,MATCH(45,Scoring!$AH$5:$AH$172,0))) -> 72 | C49: =IF($A49="","",IF(INDEX(Scoring!$AF$5:$AF$172,MATCH(45,Scoring!$AH$5:$AH$172,0))="Yes",IF(INDEX(Scoring!$Z$5:$Z$172,MATCH(45,Scoring!$AH$5:$AH$172,0))<=Weights!$C$19,"Top 30 + added","Added to queue"),"Top 30 by score")) -> Added to queue | D49: =IF($A49="","",INDEX(Scoring!$A$5:$A$172,MATCH(45,Scoring!$AH$5:$AH$172,0))) -> jehad-alhazmi | E49: =IF($A49="","",INDEX(Scoring!$B$5:$B$172,MATCH(45,Scoring!$AH$5:$AH$172,0))) -> جهاد الحازمي | F49: =IF($A49="","",INDEX(Scoring!$C$5:$C$172,MATCH(45,Scoring!$AH$5:$AH$172,0))) -> Jehad Alhazmi | G49: =IF($A49="","",INDEX(Scoring!$D$5:$D$172,MATCH(45,Scoring!$AH$5:$AH$172,0))) -> بنك التنمية الاجتماعية | H49: =IF($A49="","",INDEX(Scoring!$F$5:$F$172,MATCH(45,Scoring!$AH$5:$AH$172,0))) -> Data Engineering | I49: =IF($A49="","",INDEX(Scoring!$G$5:$G$172,MATCH(45,Scoring!$AH$5:$AH$172,0))) -> 2026 | J49: =IF($A49="","",INDEX(Scoring!$H$5:$H$172,MATCH(45,Scoring!$AH$5:$AH$172,0))) -> n/a | K49: =IF($A49="","",INDEX(Scoring!$W$5:$W$172,MATCH(45,Scoring!$AH$5:$AH$172,0))) -> 61.4 | L49: =IF($A49="","",INDEX(Scoring!$AA$5:$AA$172,MATCH(45,Scoring!$AH$5:$AH$172,0))) -> Tier 2 – Priority | M49: =IF($A49="","",INDEX(Scoring!$AB$5:$AB$172,MATCH(45,Scoring!$AH$5:$AH$172,0))) -> Strengths: Employment after training 5/5, Employer / company profile 4/5, Story completeness 5/5. Data Engineering track, cohort 2026; timing dated by year only. Weak on: Promotion, Career transition. | N49: =IF($A49="","",INDEX(Scoring!$AD$5:$AD$172,MATCH(45,Scoring!$AH$5:$AH$172,0))) -> Confirm month-level date | O49: =IF($A49="","",INDEX(Scoring!$AE$5:$AE$172,MATCH(45,Scoring!$AH$5:$AH$172,0))) -> Verified
A50: =IF(46<=$C$3,46,"") -> 46 | B50: =IF($A50="","",INDEX(Scoring!$Z$5:$Z$172,MATCH(46,Scoring!$AH$5:$AH$172,0))) -> 81 | C50: =IF($A50="","",IF(INDEX(Scoring!$AF$5:$AF$172,MATCH(46,Scoring!$AH$5:$AH$172,0))="Yes",IF(INDEX(Scoring!$Z$5:$Z$172,MATCH(46,Scoring!$AH$5:$AH$172,0))<=Weights!$C$19,"Top 30 + added","Added to queue"),"Top 30 by score")) -> Added to queue | D50: =IF($A50="","",INDEX(Scoring!$A$5:$A$172,MATCH(46,Scoring!$AH$5:$AH$172,0))) -> hussain-alhadab | E50: =IF($A50="","",INDEX(Scoring!$B$5:$B$172,MATCH(46,Scoring!$AH$5:$AH$172,0))) -> حسين الحدب | F50: =IF($A50="","",INDEX(Scoring!$C$5:$C$172,MATCH(46,Scoring!$AH$5:$AH$172,0))) -> Hussain Alhadab | G50: =IF($A50="","",INDEX(Scoring!$D$5:$D$172,MATCH(46,Scoring!$AH$5:$AH$172,0))) -> Devoteam | H50: =IF($A50="","",INDEX(Scoring!$F$5:$F$172,MATCH(46,Scoring!$AH$5:$AH$172,0))) -> Data Science & AI (T5) | I50: =IF($A50="","",INDEX(Scoring!$G$5:$G$172,MATCH(46,Scoring!$AH$5:$AH$172,0))) -> 2021 | J50: =IF($A50="","",INDEX(Scoring!$H$5:$H$172,MATCH(46,Scoring!$AH$5:$AH$172,0))) -> 3 | K50: =IF($A50="","",INDEX(Scoring!$W$5:$W$172,MATCH(46,Scoring!$AH$5:$AH$172,0))) -> 60 | L50: =IF($A50="","",INDEX(Scoring!$AA$5:$AA$172,MATCH(46,Scoring!$AH$5:$AH$172,0))) -> Tier 2 – Priority | M50: =IF($A50="","",INDEX(Scoring!$AB$5:$AB$172,MATCH(46,Scoring!$AH$5:$AH$172,0))) -> Strengths: Employment after training 5/5, Employer / company profile 4/5, Specialization 4/5. Data Science & AI (T5) track, cohort 2021; 3 months to outcome. Weak on: Promotion, Career transition. | N50: =IF($A50="","",INDEX(Scoring!$AD$5:$AD$172,MATCH(46,Scoring!$AH$5:$AH$172,0))) -> Ready | O50: =IF($A50="","",INDEX(Scoring!$AE$5:$AE$172,MATCH(46,Scoring!$AH$5:$AH$172,0))) -> Verified
A51: =IF(47<=$C$3,47,"") -> 47 | B51: =IF($A51="","",INDEX(Scoring!$Z$5:$Z$172,MATCH(47,Scoring!$AH$5:$AH$172,0))) -> 82 | C51: =IF($A51="","",IF(INDEX(Scoring!$AF$5:$AF$172,MATCH(47,Scoring!$AH$5:$AH$172,0))="Yes",IF(INDEX(Scoring!$Z$5:$Z$172,MATCH(47,Scoring!$AH$5:$AH$172,0))<=Weights!$C$19,"Top 30 + added","Added to queue"),"Top 30 by score")) -> Added to queue | D51: =IF($A51="","",INDEX(Scoring!$A$5:$A$172,MATCH(47,Scoring!$AH$5:$AH$172,0))) -> elaf-talal | E51: =IF($A51="","",INDEX(Scoring!$B$5:$B$172,MATCH(47,Scoring!$AH$5:$AH$172,0))) -> إيلاف طلال | F51: =IF($A51="","",INDEX(Scoring!$C$5:$C$172,MATCH(47,Scoring!$AH$5:$AH$172,0))) -> Elaf Talal | G51: =IF($A51="","",INDEX(Scoring!$D$5:$D$172,MATCH(47,Scoring!$AH$5:$AH$172,0))) -> Devoteam | H51: =IF($A51="","",INDEX(Scoring!$F$5:$F$172,MATCH(47,Scoring!$AH$5:$AH$172,0))) -> Data Science & AI (T5) | I51: =IF($A51="","",INDEX(Scoring!$G$5:$G$172,MATCH(47,Scoring!$AH$5:$AH$172,0))) -> 2022 | J51: =IF($A51="","",INDEX(Scoring!$H$5:$H$172,MATCH(47,Scoring!$AH$5:$AH$172,0))) -> 7 | K51: =IF($A51="","",INDEX(Scoring!$W$5:$W$172,MATCH(47,Scoring!$AH$5:$AH$172,0))) -> 59.7 | L51: =IF($A51="","",INDEX(Scoring!$AA$5:$AA$172,MATCH(47,Scoring!$AH$5:$AH$172,0))) -> Tier 2 – Priority | M51: =IF($A51="","",INDEX(Scoring!$AB$5:$AB$172,MATCH(47,Scoring!$AH$5:$AH$172,0))) -> Strengths: Employment after training 5/5, Employer / company profile 4/5, Specialization 5/5. Data Science & AI (T5) track, cohort 2022; 7 months to outcome. Weak on: Promotion, Career transition. | N51: =IF($A51="","",INDEX(Scoring!$AD$5:$AD$172,MATCH(47,Scoring!$AH$5:$AH$172,0))) -> Clear draft quote with graduate | O51: =IF($A51="","",INDEX(Scoring!$AE$5:$AE$172,MATCH(47,Scoring!$AH$5:$AH$172,0))) -> Draft
A52: =IF(48<=$C$3,48,"") -> 48 | B52: =IF($A52="","",INDEX(Scoring!$Z$5:$Z$172,MATCH(48,Scoring!$AH$5:$AH$172,0))) -> 83 | C52: =IF($A52="","",IF(INDEX(Scoring!$AF$5:$AF$172,MATCH(48,Scoring!$AH$5:$AH$172,0))="Yes",IF(INDEX(Scoring!$Z$5:$Z$172,MATCH(48,Scoring!$AH$5:$AH$172,0))<=Weights!$C$19,"Top 30 + added","Added to queue"),"Top 30 by score")) -> Added to queue | D52: =IF($A52="","",INDEX(Scoring!$A$5:$A$172,MATCH(48,Scoring!$AH$5:$AH$172,0))) -> nawaf-aljalaud | E52: =IF($A52="","",INDEX(Scoring!$B$5:$B$172,MATCH(48,Scoring!$AH$5:$AH$172,0))) -> نواف الجلعود | F52: =IF($A52="","",INDEX(Scoring!$C$5:$C$172,MATCH(48,Scoring!$AH$5:$AH$172,0))) -> Nawaf Aljalaud | G52: =IF($A52="","",INDEX(Scoring!$D$5:$D$172,MATCH(48,Scoring!$AH$5:$AH$172,0))) -> هدهد (HudHud Maps) | H52: =IF($A52="","",INDEX(Scoring!$F$5:$F$172,MATCH(48,Scoring!$AH$5:$AH$172,0))) -> Data Science & AI (T5) | I52: =IF($A52="","",INDEX(Scoring!$G$5:$G$172,MATCH(48,Scoring!$AH$5:$AH$172,0))) -> 2024 | J52: =IF($A52="","",INDEX(Scoring!$H$5:$H$172,MATCH(48,Scoring!$AH$5:$AH$172,0))) -> 5 | K52: =IF($A52="","",INDEX(Scoring!$W$5:$W$172,MATCH(48,Scoring!$AH$5:$AH$172,0))) -> 59.7 | L52: =IF($A52="","",INDEX(Scoring!$AA$5:$AA$172,MATCH(48,Scoring!$AH$5:$AH$172,0))) -> Tier 2 – Priority | M52: =IF($A52="","",INDEX(Scoring!$AB$5:$AB$172,MATCH(48,Scoring!$AH$5:$AH$172,0))) -> Strengths: Employment after training 5/5, Employer / company profile 4/5, Specialization 5/5. Data Science & AI (T5) track, cohort 2024; 5 months to outcome. Weak on: Promotion, Career transition. | N52: =IF($A52="","",INDEX(Scoring!$AD$5:$AD$172,MATCH(48,Scoring!$AH$5:$AH$172,0))) -> Clear draft quote with graduate | O52: =IF($A52="","",INDEX(Scoring!$AE$5:$AE$172,MATCH(48,Scoring!$AH$5:$AH$172,0))) -> Draft
A53: =IF(49<=$C$3,49,"") -> 49 | B53: =IF($A53="","",INDEX(Scoring!$Z$5:$Z$172,MATCH(49,Scoring!$AH$5:$AH$172,0))) -> 85 | C53: =IF($A53="","",IF(INDEX(Scoring!$AF$5:$AF$172,MATCH(49,Scoring!$AH$5:$AH$172,0))="Yes",IF(INDEX(Scoring!$Z$5:$Z$172,MATCH(49,Scoring!$AH$5:$AH$172,0))<=Weights!$C$19,"Top 30 + added","Added to queue"),"Top 30 by score")) -> Added to queue | D53: =IF($A53="","",INDEX(Scoring!$A$5:$A$172,MATCH(49,Scoring!$AH$5:$AH$172,0))) -> anas-alwohaib | E53: =IF($A53="","",INDEX(Scoring!$B$5:$B$172,MATCH(49,Scoring!$AH$5:$AH$172,0))) -> أنس الوهيب | F53: =IF($A53="","",INDEX(Scoring!$C$5:$C$172,MATCH(49,Scoring!$AH$5:$AH$172,0))) -> Anas Alwohaib | G53: =IF($A53="","",INDEX(Scoring!$D$5:$D$172,MATCH(49,Scoring!$AH$5:$AH$172,0))) -> المركز الوطني لنظم الموارد الحكومية (NCGR) | H53: =IF($A53="","",INDEX(Scoring!$F$5:$F$172,MATCH(49,Scoring!$AH$5:$AH$172,0))) -> Data Science & AI (T5) | I53: =IF($A53="","",INDEX(Scoring!$G$5:$G$172,MATCH(49,Scoring!$AH$5:$AH$172,0))) -> 2024 | J53: =IF($A53="","",INDEX(Scoring!$H$5:$H$172,MATCH(49,Scoring!$AH$5:$AH$172,0))) -> 7 | K53: =IF($A53="","",INDEX(Scoring!$W$5:$W$172,MATCH(49,Scoring!$AH$5:$AH$172,0))) -> 59.7 | L53: =IF($A53="","",INDEX(Scoring!$AA$5:$AA$172,MATCH(49,Scoring!$AH$5:$AH$172,0))) -> Tier 2 – Priority | M53: =IF($A53="","",INDEX(Scoring!$AB$5:$AB$172,MATCH(49,Scoring!$AH$5:$AH$172,0))) -> Strengths: Employment after training 5/5, Employer / company profile 4/5, Specialization 5/5. Data Science & AI (T5) track, cohort 2024; 7 months to outcome. Weak on: Promotion, Career transition. | N53: =IF($A53="","",INDEX(Scoring!$AD$5:$AD$172,MATCH(49,Scoring!$AH$5:$AH$172,0))) -> Clear draft quote with graduate | O53: =IF($A53="","",INDEX(Scoring!$AE$5:$AE$172,MATCH(49,Scoring!$AH$5:$AH$172,0))) -> Draft
A54: =IF(50<=$C$3,50,"") -> 50 | B54: =IF($A54="","",INDEX(Scoring!$Z$5:$Z$172,MATCH(50,Scoring!$AH$5:$AH$172,0))) -> 87 | C54: =IF($A54="","",IF(INDEX(Scoring!$AF$5:$AF$172,MATCH(50,Scoring!$AH$5:$AH$172,0))="Yes",IF(INDEX(Scoring!$Z$5:$Z$172,MATCH(50,Scoring!$AH$5:$AH$172,0))<=Weights!$C$19,"Top 30 + added","Added to queue"),"Top 30 by score")) -> Added to queue | D54: =IF($A54="","",INDEX(Scoring!$A$5:$A$172,MATCH(50,Scoring!$AH$5:$AH$172,0))) -> abdulrahman-aljubaylan | E54: =IF($A54="","",INDEX(Scoring!$B$5:$B$172,MATCH(50,Scoring!$AH$5:$AH$172,0))) -> عبدالرحمن الجبيلان | F54: =IF($A54="","",INDEX(Scoring!$C$5:$C$172,MATCH(50,Scoring!$AH$5:$AH$172,0))) -> Abdulrahman Aljubaylan | G54: =IF($A54="","",INDEX(Scoring!$D$5:$D$172,MATCH(50,Scoring!$AH$5:$AH$172,0))) -> الهيئة العامة للغذاء والدواء (SFDA) | H54: =IF($A54="","",INDEX(Scoring!$F$5:$F$172,MATCH(50,Scoring!$AH$5:$AH$172,0))) -> Data Science & AI (T5) | I54: =IF($A54="","",INDEX(Scoring!$G$5:$G$172,MATCH(50,Scoring!$AH$5:$AH$172,0))) -> 2021 | J54: =IF($A54="","",INDEX(Scoring!$H$5:$H$172,MATCH(50,Scoring!$AH$5:$AH$172,0))) -> 6 | K54: =IF($A54="","",INDEX(Scoring!$W$5:$W$172,MATCH(50,Scoring!$AH$5:$AH$172,0))) -> 59.5 | L54: =IF($A54="","",INDEX(Scoring!$AA$5:$AA$172,MATCH(50,Scoring!$AH$5:$AH$172,0))) -> Tier 2 – Priority | M54: =IF($A54="","",INDEX(Scoring!$AB$5:$AB$172,MATCH(50,Scoring!$AH$5:$AH$172,0))) -> Strengths: Employer / company profile 5/5, Employment after training 5/5, Specialization 4/5. Data Science & AI (T5) track, cohort 2021; 6 months to outcome. Weak on: Promotion, Career transition. | N54: =IF($A54="","",INDEX(Scoring!$AD$5:$AD$172,MATCH(50,Scoring!$AH$5:$AH$172,0))) -> Clear draft quote with graduate | O54: =IF($A54="","",INDEX(Scoring!$AE$5:$AE$172,MATCH(50,Scoring!$AH$5:$AH$172,0))) -> Draft
A55: =IF(51<=$C$3,51,"") -> 51 | B55: =IF($A55="","",INDEX(Scoring!$Z$5:$Z$172,MATCH(51,Scoring!$AH$5:$AH$172,0))) -> 89 | C55: =IF($A55="","",IF(INDEX(Scoring!$AF$5:$AF$172,MATCH(51,Scoring!$AH$5:$AH$172,0))="Yes",IF(INDEX(Scoring!$Z$5:$Z$172,MATCH(51,Scoring!$AH$5:$AH$172,0))<=Weights!$C$19,"Top 30 + added","Added to queue"),"Top 30 by score")) -> Added to queue | D55: =IF($A55="","",INDEX(Scoring!$A$5:$A$172,MATCH(51,Scoring!$AH$5:$AH$172,0))) -> meshal-aldalbahi | E55: =IF($A55="","",INDEX(Scoring!$B$5:$B$172,MATCH(51,Scoring!$AH$5:$AH$172,0))) -> مشعل الدلبحي | F55: =IF($A55="","",INDEX(Scoring!$C$5:$C$172,MATCH(51,Scoring!$AH$5:$AH$172,0))) -> Meshal Aldalbahi | G55: =IF($A55="","",INDEX(Scoring!$D$5:$D$172,MATCH(51,Scoring!$AH$5:$AH$172,0))) -> هيئة تنمية البحث والتطوير والابتكار (RDI) | H55: =IF($A55="","",INDEX(Scoring!$F$5:$F$172,MATCH(51,Scoring!$AH$5:$AH$172,0))) -> Data Science & AI (T5) | I55: =IF($A55="","",INDEX(Scoring!$G$5:$G$172,MATCH(51,Scoring!$AH$5:$AH$172,0))) -> 2024 | J55: =IF($A55="","",INDEX(Scoring!$H$5:$H$172,MATCH(51,Scoring!$AH$5:$AH$172,0))) -> 8 | K55: =IF($A55="","",INDEX(Scoring!$W$5:$W$172,MATCH(51,Scoring!$AH$5:$AH$172,0))) -> 59.3 | L55: =IF($A55="","",INDEX(Scoring!$AA$5:$AA$172,MATCH(51,Scoring!$AH$5:$AH$172,0))) -> Tier 2 – Priority | M55: =IF($A55="","",INDEX(Scoring!$AB$5:$AB$172,MATCH(51,Scoring!$AH$5:$AH$172,0))) -> Strengths: Employment after training 5/5, Employer / company profile 4/5, Specialization 4/5. Data Science & AI (T5) track, cohort 2024; 8 months to outcome. Weak on: Promotion, Career transition. | N55: =IF($A55="","",INDEX(Scoring!$AD$5:$AD$172,MATCH(51,Scoring!$AH$5:$AH$172,0))) -> Clear draft quote with graduate; Add employer logo | O55: =IF($A55="","",INDEX(Scoring!$AE$5:$AE$172,MATCH(51,Scoring!$AH$5:$AH$172,0))) -> Draft
A56: =IF(52<=$C$3,52,"") -> 52 | B56: =IF($A56="","",INDEX(Scoring!$Z$5:$Z$172,MATCH(52,Scoring!$AH$5:$AH$172,0))) -> 91 | C56: =IF($A56="","",IF(INDEX(Scoring!$AF$5:$AF$172,MATCH(52,Scoring!$AH$5:$AH$172,0))="Yes",IF(INDEX(Scoring!$Z$5:$Z$172,MATCH(52,Scoring!$AH$5:$AH$172,0))<=Weights!$C$19,"Top 30 + added","Added to queue"),"Top 30 by score")) -> Added to queue | D56: =IF($A56="","",INDEX(Scoring!$A$5:$A$172,MATCH(52,Scoring!$AH$5:$AH$172,0))) -> omar-alhadi | E56: =IF($A56="","",INDEX(Scoring!$B$5:$B$172,MATCH(52,Scoring!$AH$5:$AH$172,0))) -> عمر الهادي | F56: =IF($A56="","",INDEX(Scoring!$C$5:$C$172,MATCH(52,Scoring!$AH$5:$AH$172,0))) -> Omar Alhadi | G56: =IF($A56="","",INDEX(Scoring!$D$5:$D$172,MATCH(52,Scoring!$AH$5:$AH$172,0))) -> مطارات الرياض | H56: =IF($A56="","",INDEX(Scoring!$F$5:$F$172,MATCH(52,Scoring!$AH$5:$AH$172,0))) -> Data Science & AI (T5) | I56: =IF($A56="","",INDEX(Scoring!$G$5:$G$172,MATCH(52,Scoring!$AH$5:$AH$172,0))) -> 2021 | J56: =IF($A56="","",INDEX(Scoring!$H$5:$H$172,MATCH(52,Scoring!$AH$5:$AH$172,0))) -> 3 | K56: =IF($A56="","",INDEX(Scoring!$W$5:$W$172,MATCH(52,Scoring!$AH$5:$AH$172,0))) -> 58.9 | L56: =IF($A56="","",INDEX(Scoring!$AA$5:$AA$172,MATCH(52,Scoring!$AH$5:$AH$172,0))) -> Tier 2 – Priority | M56: =IF($A56="","",INDEX(Scoring!$AB$5:$AB$172,MATCH(52,Scoring!$AH$5:$AH$172,0))) -> Strengths: Employment after training 5/5, Employer / company profile 4/5, Time since training 4/5. Data Science & AI (T5) track, cohort 2021; 3 months to outcome. Weak on: Promotion. | N56: =IF($A56="","",INDEX(Scoring!$AD$5:$AD$172,MATCH(52,Scoring!$AH$5:$AH$172,0))) -> Clear draft quote with graduate | O56: =IF($A56="","",INDEX(Scoring!$AE$5:$AE$172,MATCH(52,Scoring!$AH$5:$AH$172,0))) -> Draft
A57: =IF(53<=$C$3,53,"") -> 53 | B57: =IF($A57="","",INDEX(Scoring!$Z$5:$Z$172,MATCH(53,Scoring!$AH$5:$AH$172,0))) -> 95 | C57: =IF($A57="","",IF(INDEX(Scoring!$AF$5:$AF$172,MATCH(53,Scoring!$AH$5:$AH$172,0))="Yes",IF(INDEX(Scoring!$Z$5:$Z$172,MATCH(53,Scoring!$AH$5:$AH$172,0))<=Weights!$C$19,"Top 30 + added","Added to queue"),"Top 30 by score")) -> Added to queue | D57: =IF($A57="","",INDEX(Scoring!$A$5:$A$172,MATCH(53,Scoring!$AH$5:$AH$172,0))) -> abdulrahman-alghofaily | E57: =IF($A57="","",INDEX(Scoring!$B$5:$B$172,MATCH(53,Scoring!$AH$5:$AH$172,0))) -> عبدالرحمن الغفيلي | F57: =IF($A57="","",INDEX(Scoring!$C$5:$C$172,MATCH(53,Scoring!$AH$5:$AH$172,0))) -> Abdulrahman Alghofaily | G57: =IF($A57="","",INDEX(Scoring!$D$5:$D$172,MATCH(53,Scoring!$AH$5:$AH$172,0))) -> GeoTech | H57: =IF($A57="","",INDEX(Scoring!$F$5:$F$172,MATCH(53,Scoring!$AH$5:$AH$172,0))) -> Data Science & AI (T5) | I57: =IF($A57="","",INDEX(Scoring!$G$5:$G$172,MATCH(53,Scoring!$AH$5:$AH$172,0))) -> 2023 | J57: =IF($A57="","",INDEX(Scoring!$H$5:$H$172,MATCH(53,Scoring!$AH$5:$AH$172,0))) -> 1 | K57: =IF($A57="","",INDEX(Scoring!$W$5:$W$172,MATCH(53,Scoring!$AH$5:$AH$172,0))) -> 58.7 | L57: =IF($A57="","",INDEX(Scoring!$AA$5:$AA$172,MATCH(53,Scoring!$AH$5:$AH$172,0))) -> Tier 2 – Priority | M57: =IF($A57="","",INDEX(Scoring!$AB$5:$AB$172,MATCH(53,Scoring!$AH$5:$AH$172,0))) -> Strengths: Employment after training 5/5, Specialization 5/5, Time since training 5/5. Data Science & AI (T5) track, cohort 2023; 1 month to outcome. Weak on: Promotion, Career transition. | N57: =IF($A57="","",INDEX(Scoring!$AD$5:$AD$172,MATCH(53,Scoring!$AH$5:$AH$172,0))) -> Clear draft quote with graduate | O57: =IF($A57="","",INDEX(Scoring!$AE$5:$AE$172,MATCH(53,Scoring!$AH$5:$AH$172,0))) -> Draft
A58: =IF(54<=$C$3,54,"") -> 54 | B58: =IF($A58="","",INDEX(Scoring!$Z$5:$Z$172,MATCH(54,Scoring!$AH$5:$AH$172,0))) -> 97 | C58: =IF($A58="","",IF(INDEX(Scoring!$AF$5:$AF$172,MATCH(54,Scoring!$AH$5:$AH$172,0))="Yes",IF(INDEX(Scoring!$Z$5:$Z$172,MATCH(54,Scoring!$AH$5:$AH$172,0))<=Weights!$C$19,"Top 30 + added","Added to queue"),"Top 30 by score")) -> Added to queue | D58: =IF($A58="","",INDEX(Scoring!$A$5:$A$172,MATCH(54,Scoring!$AH$5:$AH$172,0))) -> sultan-almgablh | E58: =IF($A58="","",INDEX(Scoring!$B$5:$B$172,MATCH(54,Scoring!$AH$5:$AH$172,0))) -> سلطان المقابلة | F58: =IF($A58="","",INDEX(Scoring!$C$5:$C$172,MATCH(54,Scoring!$AH$5:$AH$172,0))) -> Sultan Almgablh | G58: =IF($A58="","",INDEX(Scoring!$D$5:$D$172,MATCH(54,Scoring!$AH$5:$AH$172,0))) -> المركز الوطني للنخيل والتمور (NCPD) | H58: =IF($A58="","",INDEX(Scoring!$F$5:$F$172,MATCH(54,Scoring!$AH$5:$AH$172,0))) -> Data Management | I58: =IF($A58="","",INDEX(Scoring!$G$5:$G$172,MATCH(54,Scoring!$AH$5:$AH$172,0))) -> 2023 | J58: =IF($A58="","",INDEX(Scoring!$H$5:$H$172,MATCH(54,Scoring!$AH$5:$AH$172,0))) -> 6 | K58: =IF($A58="","",INDEX(Scoring!$W$5:$W$172,MATCH(54,Scoring!$AH$5:$AH$172,0))) -> 58.1 | L58: =IF($A58="","",INDEX(Scoring!$AA$5:$AA$172,MATCH(54,Scoring!$AH$5:$AH$172,0))) -> Tier 2 – Priority | M58: =IF($A58="","",INDEX(Scoring!$AB$5:$AB$172,MATCH(54,Scoring!$AH$5:$AH$172,0))) -> Strengths: Employment after training 5/5, Employer / company profile 4/5, Specialization 4/5. Data Management track, cohort 2023; 6 months to outcome. Weak on: Promotion, Career transition. | N58: =IF($A58="","",INDEX(Scoring!$AD$5:$AD$172,MATCH(54,Scoring!$AH$5:$AH$172,0))) -> Clear draft quote with graduate | O58: =IF($A58="","",INDEX(Scoring!$AE$5:$AE$172,MATCH(54,Scoring!$AH$5:$AH$172,0))) -> Draft
A59: =IF(55<=$C$3,55,"") -> 55 | B59: =IF($A59="","",INDEX(Scoring!$Z$5:$Z$172,MATCH(55,Scoring!$AH$5:$AH$172,0))) -> 105 | C59: =IF($A59="","",IF(INDEX(Scoring!$AF$5:$AF$172,MATCH(55,Scoring!$AH$5:$AH$172,0))="Yes",IF(INDEX(Scoring!$Z$5:$Z$172,MATCH(55,Scoring!$AH$5:$AH$172,0))<=Weights!$C$19,"Top 30 + added","Added to queue"),"Top 30 by score")) -> Added to queue | D59: =IF($A59="","",INDEX(Scoring!$A$5:$A$172,MATCH(55,Scoring!$AH$5:$AH$172,0))) -> saleh-alanazi | E59: =IF($A59="","",INDEX(Scoring!$B$5:$B$172,MATCH(55,Scoring!$AH$5:$AH$172,0))) -> صالح العنزي | F59: =IF($A59="","",INDEX(Scoring!$C$5:$C$172,MATCH(55,Scoring!$AH$5:$AH$172,0))) -> Saleh Alanazi | G59: =IF($A59="","",INDEX(Scoring!$D$5:$D$172,MATCH(55,Scoring!$AH$5:$AH$172,0))) -> بيانات وأعمال (DataPlus) | H59: =IF($A59="","",INDEX(Scoring!$F$5:$F$172,MATCH(55,Scoring!$AH$5:$AH$172,0))) -> Data Science & AI (T5) | I59: =IF($A59="","",INDEX(Scoring!$G$5:$G$172,MATCH(55,Scoring!$AH$5:$AH$172,0))) -> 2024 | J59: =IF($A59="","",INDEX(Scoring!$H$5:$H$172,MATCH(55,Scoring!$AH$5:$AH$172,0))) -> 1 | K59: =IF($A59="","",INDEX(Scoring!$W$5:$W$172,MATCH(55,Scoring!$AH$5:$AH$172,0))) -> 57 | L59: =IF($A59="","",INDEX(Scoring!$AA$5:$AA$172,MATCH(55,Scoring!$AH$5:$AH$172,0))) -> Tier 2 – Priority | M59: =IF($A59="","",INDEX(Scoring!$AB$5:$AB$172,MATCH(55,Scoring!$AH$5:$AH$172,0))) -> Strengths: Employment after training 5/5, Specialization 5/5, Time since training 5/5. Data Science & AI (T5) track, cohort 2024; 1 month to outcome. Weak on: Promotion, Career transition. | N59: =IF($A59="","",INDEX(Scoring!$AD$5:$AD$172,MATCH(55,Scoring!$AH$5:$AH$172,0))) -> Clear draft quote with graduate; Add employer logo | O59: =IF($A59="","",INDEX(Scoring!$AE$5:$AE$172,MATCH(55,Scoring!$AH$5:$AH$172,0))) -> Draft
A60: =IF(56<=$C$3,56,"") -> 56 | B60: =IF($A60="","",INDEX(Scoring!$Z$5:$Z$172,MATCH(56,Scoring!$AH$5:$AH$172,0))) -> 110 | C60: =IF($A60="","",IF(INDEX(Scoring!$AF$5:$AF$172,MATCH(56,Scoring!$AH$5:$AH$172,0))="Yes",IF(INDEX(Scoring!$Z$5:$Z$172,MATCH(56,Scoring!$AH$5:$AH$172,0))<=Weights!$C$19,"Top 30 + added","Added to queue"),"Top 30 by score")) -> Added to queue | D60: =IF($A60="","",INDEX(Scoring!$A$5:$A$172,MATCH(56,Scoring!$AH$5:$AH$172,0))) -> jana-sadawi | E60: =IF($A60="","",INDEX(Scoring!$B$5:$B$172,MATCH(56,Scoring!$AH$5:$AH$172,0))) -> جنى سعداوي | F60: =IF($A60="","",INDEX(Scoring!$C$5:$C$172,MATCH(56,Scoring!$AH$5:$AH$172,0))) -> Jana Sadawi | G60: =IF($A60="","",INDEX(Scoring!$D$5:$D$172,MATCH(56,Scoring!$AH$5:$AH$172,0))) -> SDM | H60: =IF($A60="","",INDEX(Scoring!$F$5:$F$172,MATCH(56,Scoring!$AH$5:$AH$172,0))) -> Data Science & AI (T5) | I60: =IF($A60="","",INDEX(Scoring!$G$5:$G$172,MATCH(56,Scoring!$AH$5:$AH$172,0))) -> 2024 | J60: =IF($A60="","",INDEX(Scoring!$H$5:$H$172,MATCH(56,Scoring!$AH$5:$AH$172,0))) -> 4 | K60: =IF($A60="","",INDEX(Scoring!$W$5:$W$172,MATCH(56,Scoring!$AH$5:$AH$172,0))) -> 56.5 | L60: =IF($A60="","",INDEX(Scoring!$AA$5:$AA$172,MATCH(56,Scoring!$AH$5:$AH$172,0))) -> Tier 2 – Priority | M60: =IF($A60="","",INDEX(Scoring!$AB$5:$AB$172,MATCH(56,Scoring!$AH$5:$AH$172,0))) -> Strengths: Employment after training 5/5, Specialization 5/5, Time since training 4/5. Data Science & AI (T5) track, cohort 2024; 4 months to outcome. Weak on: Promotion, Career transition. | N60: =IF($A60="","",INDEX(Scoring!$AD$5:$AD$172,MATCH(56,Scoring!$AH$5:$AH$172,0))) -> Clear draft quote with graduate | O60: =IF($A60="","",INDEX(Scoring!$AE$5:$AE$172,MATCH(56,Scoring!$AH$5:$AH$172,0))) -> Draft
A61: =IF(57<=$C$3,57,"") -> 57 | B61: =IF($A61="","",INDEX(Scoring!$Z$5:$Z$172,MATCH(57,Scoring!$AH$5:$AH$172,0))) -> 123 | C61: =IF($A61="","",IF(INDEX(Scoring!$AF$5:$AF$172,MATCH(57,Scoring!$AH$5:$AH$172,0))="Yes",IF(INDEX(Scoring!$Z$5:$Z$172,MATCH(57,Scoring!$AH$5:$AH$172,0))<=Weights!$C$19,"Top 30 + added","Added to queue"),"Top 30 by score")) -> Added to queue | D61: =IF($A61="","",INDEX(Scoring!$A$5:$A$172,MATCH(57,Scoring!$AH$5:$AH$172,0))) -> anwar-alsharari | E61: =IF($A61="","",INDEX(Scoring!$B$5:$B$172,MATCH(57,Scoring!$AH$5:$AH$172,0))) -> أنوار الشراري | F61: =IF($A61="","",INDEX(Scoring!$C$5:$C$172,MATCH(57,Scoring!$AH$5:$AH$172,0))) -> Anwar Alsharari | G61: =IF($A61="","",INDEX(Scoring!$D$5:$D$172,MATCH(57,Scoring!$AH$5:$AH$172,0))) -> عزم السعودية (Saudi Azm) | H61: =IF($A61="","",INDEX(Scoring!$F$5:$F$172,MATCH(57,Scoring!$AH$5:$AH$172,0))) -> Data Science & AI (T5) | I61: =IF($A61="","",INDEX(Scoring!$G$5:$G$172,MATCH(57,Scoring!$AH$5:$AH$172,0))) -> 2024 | J61: =IF($A61="","",INDEX(Scoring!$H$5:$H$172,MATCH(57,Scoring!$AH$5:$AH$172,0))) -> 3 | K61: =IF($A61="","",INDEX(Scoring!$W$5:$W$172,MATCH(57,Scoring!$AH$5:$AH$172,0))) -> 54.9 | L61: =IF($A61="","",INDEX(Scoring!$AA$5:$AA$172,MATCH(57,Scoring!$AH$5:$AH$172,0))) -> Tier 2 – Priority | M61: =IF($A61="","",INDEX(Scoring!$AB$5:$AB$172,MATCH(57,Scoring!$AH$5:$AH$172,0))) -> Strengths: Employment after training 5/5, Specialization 4/5, Time since training 4/5. Data Science & AI (T5) track, cohort 2024; 3 months to outcome. Weak on: Promotion, Career transition. | N61: =IF($A61="","",INDEX(Scoring!$AD$5:$AD$172,MATCH(57,Scoring!$AH$5:$AH$172,0))) -> Clear draft quote with graduate | O61: =IF($A61="","",INDEX(Scoring!$AE$5:$AE$172,MATCH(57,Scoring!$AH$5:$AH$172,0))) -> Draft
A62: =IF(58<=$C$3,58,"") -> 58 | B62: =IF($A62="","",INDEX(Scoring!$Z$5:$Z$172,MATCH(58,Scoring!$AH$5:$AH$172,0))) -> 130 | C62: =IF($A62="","",IF(INDEX(Scoring!$AF$5:$AF$172,MATCH(58,Scoring!$AH$5:$AH$172,0))="Yes",IF(INDEX(Scoring!$Z$5:$Z$172,MATCH(58,Scoring!$AH$5:$AH$172,0))<=Weights!$C$19,"Top 30 + added","Added to queue"),"Top 30 by score")) -> Added to queue | D62: =IF($A62="","",INDEX(Scoring!$A$5:$A$172,MATCH(58,Scoring!$AH$5:$AH$172,0))) -> fahad-alaskar | E62: =IF($A62="","",INDEX(Scoring!$B$5:$B$172,MATCH(58,Scoring!$AH$5:$AH$172,0))) -> فهد العسكر | F62: =IF($A62="","",INDEX(Scoring!$C$5:$C$172,MATCH(58,Scoring!$AH$5:$AH$172,0))) -> Fahad Alaskar | G62: =IF($A62="","",INDEX(Scoring!$D$5:$D$172,MATCH(58,Scoring!$AH$5:$AH$172,0))) -> SadaaCX | H62: =IF($A62="","",INDEX(Scoring!$F$5:$F$172,MATCH(58,Scoring!$AH$5:$AH$172,0))) -> Data Science & AI (T5) | I62: =IF($A62="","",INDEX(Scoring!$G$5:$G$172,MATCH(58,Scoring!$AH$5:$AH$172,0))) -> 2024 | J62: =IF($A62="","",INDEX(Scoring!$H$5:$H$172,MATCH(58,Scoring!$AH$5:$AH$172,0))) -> 3 | K62: =IF($A62="","",INDEX(Scoring!$W$5:$W$172,MATCH(58,Scoring!$AH$5:$AH$172,0))) -> 53.8 | L62: =IF($A62="","",INDEX(Scoring!$AA$5:$AA$172,MATCH(58,Scoring!$AH$5:$AH$172,0))) -> Tier 2 – Priority | M62: =IF($A62="","",INDEX(Scoring!$AB$5:$AB$172,MATCH(58,Scoring!$AH$5:$AH$172,0))) -> Strengths: Employment after training 5/5, Specialization 4/5, Time since training 4/5. Data Science & AI (T5) track, cohort 2024; 3 months to outcome. Weak on: Promotion, Career transition. | N62: =IF($A62="","",INDEX(Scoring!$AD$5:$AD$172,MATCH(58,Scoring!$AH$5:$AH$172,0))) -> Clear draft quote with graduate; Add employer logo | O62: =IF($A62="","",INDEX(Scoring!$AE$5:$AE$172,MATCH(58,Scoring!$AH$5:$AH$172,0))) -> Draft
A63: =IF(59<=$C$3,59,"") -> 59 | B63: =IF($A63="","",INDEX(Scoring!$Z$5:$Z$172,MATCH(59,Scoring!$AH$5:$AH$172,0))) -> 133 | C63: =IF($A63="","",IF(INDEX(Scoring!$AF$5:$AF$172,MATCH(59,Scoring!$AH$5:$AH$172,0))="Yes",IF(INDEX(Scoring!$Z$5:$Z$172,MATCH(59,Scoring!$AH$5:$AH$172,0))<=Weights!$C$19,"Top 30 + added","Added to queue"),"Top 30 by score")) -> Added to queue | D63: =IF($A63="","",INDEX(Scoring!$A$5:$A$172,MATCH(59,Scoring!$AH$5:$AH$172,0))) -> yazeed-alshurify | E63: =IF($A63="","",INDEX(Scoring!$B$5:$B$172,MATCH(59,Scoring!$AH$5:$AH$172,0))) -> يزيد الشريف | F63: =IF($A63="","",INDEX(Scoring!$C$5:$C$172,MATCH(59,Scoring!$AH$5:$AH$172,0))) -> Yazeed Alshurify | G63: =IF($A63="","",INDEX(Scoring!$D$5:$D$172,MATCH(59,Scoring!$AH$5:$AH$172,0))) -> شركة فتيل | H63: =IF($A63="","",INDEX(Scoring!$F$5:$F$172,MATCH(59,Scoring!$AH$5:$AH$172,0))) -> Data Science & AI (T5) | I63: =IF($A63="","",INDEX(Scoring!$G$5:$G$172,MATCH(59,Scoring!$AH$5:$AH$172,0))) -> 2024 | J63: =IF($A63="","",INDEX(Scoring!$H$5:$H$172,MATCH(59,Scoring!$AH$5:$AH$172,0))) -> n/a | K63: =IF($A63="","",INDEX(Scoring!$W$5:$W$172,MATCH(59,Scoring!$AH$5:$AH$172,0))) -> 52.4 | L63: =IF($A63="","",INDEX(Scoring!$AA$5:$AA$172,MATCH(59,Scoring!$AH$5:$AH$172,0))) -> Tier 2 – Priority | M63: =IF($A63="","",INDEX(Scoring!$AB$5:$AB$172,MATCH(59,Scoring!$AH$5:$AH$172,0))) -> Strengths: Employment after training 5/5, Promotion 5/5, Story completeness 4.3/5. Data Science & AI (T5) track, cohort 2024; timing dated by year only. Weak on: Career transition, Evidence quality. | N63: =IF($A63="","",INDEX(Scoring!$AD$5:$AD$172,MATCH(59,Scoring!$AH$5:$AH$172,0))) -> Clear draft quote with graduate; Confirm month-level date | O63: =IF($A63="","",INDEX(Scoring!$AE$5:$AE$172,MATCH(59,Scoring!$AH$5:$AH$172,0))) -> Draft
A64: =IF(60<=$C$3,60,"") -> 60 | B64: =IF($A64="","",INDEX(Scoring!$Z$5:$Z$172,MATCH(60,Scoring!$AH$5:$AH$172,0))) -> 153 | C64: =IF($A64="","",IF(INDEX(Scoring!$AF$5:$AF$172,MATCH(60,Scoring!$AH$5:$AH$172,0))="Yes",IF(INDEX(Scoring!$Z$5:$Z$172,MATCH(60,Scoring!$AH$5:$AH$172,0))<=Weights!$C$19,"Top 30 + added","Added to queue"),"Top 30 by score")) -> Added to queue | D64: =IF($A64="","",INDEX(Scoring!$A$5:$A$172,MATCH(60,Scoring!$AH$5:$AH$172,0))) -> nasser-alkuhili | E64: =IF($A64="","",INDEX(Scoring!$B$5:$B$172,MATCH(60,Scoring!$AH$5:$AH$172,0))) -> ناصر فايز الكحيلي | F64: =IF($A64="","",INDEX(Scoring!$C$5:$C$172,MATCH(60,Scoring!$AH$5:$AH$172,0))) -> Nasser Fayez Alkuhili | G64: =IF($A64="","",INDEX(Scoring!$D$5:$D$172,MATCH(60,Scoring!$AH$5:$AH$172,0))) -> مصرف الراجحي | H64: =IF($A64="","",INDEX(Scoring!$F$5:$F$172,MATCH(60,Scoring!$AH$5:$AH$172,0))) -> GenAI / NVIDIA | I64: =IF($A64="","",INDEX(Scoring!$G$5:$G$172,MATCH(60,Scoring!$AH$5:$AH$172,0))) -> 2024 | J64: =IF($A64="","",INDEX(Scoring!$H$5:$H$172,MATCH(60,Scoring!$AH$5:$AH$172,0))) -> n/a | K64: =IF($A64="","",INDEX(Scoring!$W$5:$W$172,MATCH(60,Scoring!$AH$5:$AH$172,0))) -> 61.8 | L64: =IF($A64="","",INDEX(Scoring!$AA$5:$AA$172,MATCH(60,Scoring!$AH$5:$AH$172,0))) -> Hold – resolve flag | M64: =IF($A64="","",INDEX(Scoring!$AB$5:$AB$172,MATCH(60,Scoring!$AH$5:$AH$172,0))) -> Strengths: Employer / company profile 5/5, Employment after training 5/5, Specialization 5/5. GenAI / NVIDIA track, cohort 2024; timing dated by year only. Weak on: Promotion, Career transition. Held: Legacy gap flag (authorized exception). | N64: =IF($A64="","",INDEX(Scoring!$AD$5:$AD$172,MATCH(60,Scoring!$AH$5:$AH$172,0))) -> Confirm month-level date | O64: =IF($A64="","",INDEX(Scoring!$AE$5:$AE$172,MATCH(60,Scoring!$AH$5:$AH$172,0))) -> Verified
A65: =IF(61<=$C$3,61,"") | B65: =IF($A65="","",INDEX(Scoring!$Z$5:$Z$172,MATCH(61,Scoring!$AH$5:$AH$172,0))) | C65: =IF($A65="","",IF(INDEX(Scoring!$AF$5:$AF$172,MATCH(61,Scoring!$AH$5:$AH$172,0))="Yes",IF(INDEX(Scoring!$Z$5:$Z$172,MATCH(61,Scoring!$AH$5:$AH$172,0))<=Weights!$C$19,"Top 30 + added","Added to queue"),"Top 30 by score")) | D65: =IF($A65="","",INDEX(Scoring!$A$5:$A$172,MATCH(61,Scoring!$AH$5:$AH$172,0))) | E65: =IF($A65="","",INDEX(Scoring!$B$5:$B$172,MATCH(61,Scoring!$AH$5:$AH$172,0))) | F65: =IF($A65="","",INDEX(Scoring!$C$5:$C$172,MATCH(61,Scoring!$AH$5:$AH$172,0))) | G65: =IF($A65="","",INDEX(Scoring!$D$5:$D$172,MATCH(61,Scoring!$AH$5:$AH$172,0))) | H65: =IF($A65="","",INDEX(Scoring!$F$5:$F$172,MATCH(61,Scoring!$AH$5:$AH$172,0))) | I65: =IF($A65="","",INDEX(Scoring!$G$5:$G$172,MATCH(61,Scoring!$AH$5:$AH$172,0))) | J65: =IF($A65="","",INDEX(Scoring!$H$5:$H$172,MATCH(61,Scoring!$AH$5:$AH$172,0))) | K65: =IF($A65="","",INDEX(Scoring!$W$5:$W$172,MATCH(61,Scoring!$AH$5:$AH$172,0))) | L65: =IF($A65="","",INDEX(Scoring!$AA$5:$AA$172,MATCH(61,Scoring!$AH$5:$AH$172,0))) | M65: =IF($A65="","",INDEX(Scoring!$AB$5:$AB$172,MATCH(61,Scoring!$AH$5:$AH$172,0))) | N65: =IF($A65="","",INDEX(Scoring!$AD$5:$AD$172,MATCH(61,Scoring!$AH$5:$AH$172,0))) | O65: =IF($A65="","",INDEX(Scoring!$AE$5:$AE$172,MATCH(61,Scoring!$AH$5:$AH$172,0)))
A66: =IF(62<=$C$3,62,"") | B66: =IF($A66="","",INDEX(Scoring!$Z$5:$Z$172,MATCH(62,Scoring!$AH$5:$AH$172,0))) | C66: =IF($A66="","",IF(INDEX(Scoring!$AF$5:$AF$172,MATCH(62,Scoring!$AH$5:$AH$172,0))="Yes",IF(INDEX(Scoring!$Z$5:$Z$172,MATCH(62,Scoring!$AH$5:$AH$172,0))<=Weights!$C$19,"Top 30 + added","Added to queue"),"Top 30 by score")) | D66: =IF($A66="","",INDEX(Scoring!$A$5:$A$172,MATCH(62,Scoring!$AH$5:$AH$172,0))) | E66: =IF($A66="","",INDEX(Scoring!$B$5:$B$172,MATCH(62,Scoring!$AH$5:$AH$172,0))) | F66: =IF($A66="","",INDEX(Scoring!$C$5:$C$172,MATCH(62,Scoring!$AH$5:$AH$172,0))) | G66: =IF($A66="","",INDEX(Scoring!$D$5:$D$172,MATCH(62,Scoring!$AH$5:$AH$172,0))) | H66: =IF($A66="","",INDEX(Scoring!$F$5:$F$172,MATCH(62,Scoring!$AH$5:$AH$172,0))) | I66: =IF($A66="","",INDEX(Scoring!$G$5:$G$172,MATCH(62,Scoring!$AH$5:$AH$172,0))) | J66: =IF($A66="","",INDEX(Scoring!$H$5:$H$172,MATCH(62,Scoring!$AH$5:$AH$172,0))) | K66: =IF($A66="","",INDEX(Scoring!$W$5:$W$172,MATCH(62,Scoring!$AH$5:$AH$172,0))) | L66: =IF($A66="","",INDEX(Scoring!$AA$5:$AA$172,MATCH(62,Scoring!$AH$5:$AH$172,0))) | M66: =IF($A66="","",INDEX(Scoring!$AB$5:$AB$172,MATCH(62,Scoring!$AH$5:$AH$172,0))) | N66: =IF($A66="","",INDEX(Scoring!$AD$5:$AD$172,MATCH(62,Scoring!$AH$5:$AH$172,0))) | O66: =IF($A66="","",INDEX(Scoring!$AE$5:$AE$172,MATCH(62,Scoring!$AH$5:$AH$172,0)))
A67: =IF(63<=$C$3,63,"") | B67: =IF($A67="","",INDEX(Scoring!$Z$5:$Z$172,MATCH(63,Scoring!$AH$5:$AH$172,0))) | C67: =IF($A67="","",IF(INDEX(Scoring!$AF$5:$AF$172,MATCH(63,Scoring!$AH$5:$AH$172,0))="Yes",IF(INDEX(Scoring!$Z$5:$Z$172,MATCH(63,Scoring!$AH$5:$AH$172,0))<=Weights!$C$19,"Top 30 + added","Added to queue"),"Top 30 by score")) | D67: =IF($A67="","",INDEX(Scoring!$A$5:$A$172,MATCH(63,Scoring!$AH$5:$AH$172,0))) | E67: =IF($A67="","",INDEX(Scoring!$B$5:$B$172,MATCH(63,Scoring!$AH$5:$AH$172,0))) | F67: =IF($A67="","",INDEX(Scoring!$C$5:$C$172,MATCH(63,Scoring!$AH$5:$AH$172,0))) | G67: =IF($A67="","",INDEX(Scoring!$D$5:$D$172,MATCH(63,Scoring!$AH$5:$AH$172,0))) | H67: =IF($A67="","",INDEX(Scoring!$F$5:$F$172,MATCH(63,Scoring!$AH$5:$AH$172,0))) | I67: =IF($A67="","",INDEX(Scoring!$G$5:$G$172,MATCH(63,Scoring!$AH$5:$AH$172,0))) | J67: =IF($A67="","",INDEX(Scoring!$H$5:$H$172,MATCH(63,Scoring!$AH$5:$AH$172,0))) | K67: =IF($A67="","",INDEX(Scoring!$W$5:$W$172,MATCH(63,Scoring!$AH$5:$AH$172,0))) | L67: =IF($A67="","",INDEX(Scoring!$AA$5:$AA$172,MATCH(63,Scoring!$AH$5:$AH$172,0))) | M67: =IF($A67="","",INDEX(Scoring!$AB$5:$AB$172,MATCH(63,Scoring!$AH$5:$AH$172,0))) | N67: =IF($A67="","",INDEX(Scoring!$AD$5:$AD$172,MATCH(63,Scoring!$AH$5:$AH$172,0))) | O67: =IF($A67="","",INDEX(Scoring!$AE$5:$AE$172,MATCH(63,Scoring!$AH$5:$AH$172,0)))
A68: =IF(64<=$C$3,64,"") | B68: =IF($A68="","",INDEX(Scoring!$Z$5:$Z$172,MATCH(64,Scoring!$AH$5:$AH$172,0))) | C68: =IF($A68="","",IF(INDEX(Scoring!$AF$5:$AF$172,MATCH(64,Scoring!$AH$5:$AH$172,0))="Yes",IF(INDEX(Scoring!$Z$5:$Z$172,MATCH(64,Scoring!$AH$5:$AH$172,0))<=Weights!$C$19,"Top 30 + added","Added to queue"),"Top 30 by score")) | D68: =IF($A68="","",INDEX(Scoring!$A$5:$A$172,MATCH(64,Scoring!$AH$5:$AH$172,0))) | E68: =IF($A68="","",INDEX(Scoring!$B$5:$B$172,MATCH(64,Scoring!$AH$5:$AH$172,0))) | F68: =IF($A68="","",INDEX(Scoring!$C$5:$C$172,MATCH(64,Scoring!$AH$5:$AH$172,0))) | G68: =IF($A68="","",INDEX(Scoring!$D$5:$D$172,MATCH(64,Scoring!$AH$5:$AH$172,0))) | H68: =IF($A68="","",INDEX(Scoring!$F$5:$F$172,MATCH(64,Scoring!$AH$5:$AH$172,0))) | I68: =IF($A68="","",INDEX(Scoring!$G$5:$G$172,MATCH(64,Scoring!$AH$5:$AH$172,0))) | J68: =IF($A68="","",INDEX(Scoring!$H$5:$H$172,MATCH(64,Scoring!$AH$5:$AH$172,0))) | K68: =IF($A68="","",INDEX(Scoring!$W$5:$W$172,MATCH(64,Scoring!$AH$5:$AH$172,0))) | L68: =IF($A68="","",INDEX(Scoring!$AA$5:$AA$172,MATCH(64,Scoring!$AH$5:$AH$172,0))) | M68: =IF($A68="","",INDEX(Scoring!$AB$5:$AB$172,MATCH(64,Scoring!$AH$5:$AH$172,0))) | N68: =IF($A68="","",INDEX(Scoring!$AD$5:$AD$172,MATCH(64,Scoring!$AH$5:$AH$172,0))) | O68: =IF($A68="","",INDEX(Scoring!$AE$5:$AE$172,MATCH(64,Scoring!$AH$5:$AH$172,0)))
A69: =IF(65<=$C$3,65,"") | B69: =IF($A69="","",INDEX(Scoring!$Z$5:$Z$172,MATCH(65,Scoring!$AH$5:$AH$172,0))) | C69: =IF($A69="","",IF(INDEX(Scoring!$AF$5:$AF$172,MATCH(65,Scoring!$AH$5:$AH$172,0))="Yes",IF(INDEX(Scoring!$Z$5:$Z$172,MATCH(65,Scoring!$AH$5:$AH$172,0))<=Weights!$C$19,"Top 30 + added","Added to queue"),"Top 30 by score")) | D69: =IF($A69="","",INDEX(Scoring!$A$5:$A$172,MATCH(65,Scoring!$AH$5:$AH$172,0))) | E69: =IF($A69="","",INDEX(Scoring!$B$5:$B$172,MATCH(65,Scoring!$AH$5:$AH$172,0))) | F69: =IF($A69="","",INDEX(Scoring!$C$5:$C$172,MATCH(65,Scoring!$AH$5:$AH$172,0))) | G69: =IF($A69="","",INDEX(Scoring!$D$5:$D$172,MATCH(65,Scoring!$AH$5:$AH$172,0))) | H69: =IF($A69="","",INDEX(Scoring!$F$5:$F$172,MATCH(65,Scoring!$AH$5:$AH$172,0))) | I69: =IF($A69="","",INDEX(Scoring!$G$5:$G$172,MATCH(65,Scoring!$AH$5:$AH$172,0))) | J69: =IF($A69="","",INDEX(Scoring!$H$5:$H$172,MATCH(65,Scoring!$AH$5:$AH$172,0))) | K69: =IF($A69="","",INDEX(Scoring!$W$5:$W$172,MATCH(65,Scoring!$AH$5:$AH$172,0))) | L69: =IF($A69="","",INDEX(Scoring!$AA$5:$AA$172,MATCH(65,Scoring!$AH$5:$AH$172,0))) | M69: =IF($A69="","",INDEX(Scoring!$AB$5:$AB$172,MATCH(65,Scoring!$AH$5:$AH$172,0))) | N69: =IF($A69="","",INDEX(Scoring!$AD$5:$AD$172,MATCH(65,Scoring!$AH$5:$AH$172,0))) | O69: =IF($A69="","",INDEX(Scoring!$AE$5:$AE$172,MATCH(65,Scoring!$AH$5:$AH$172,0)))
A70: =IF(66<=$C$3,66,"") | B70: =IF($A70="","",INDEX(Scoring!$Z$5:$Z$172,MATCH(66,Scoring!$AH$5:$AH$172,0))) | C70: =IF($A70="","",IF(INDEX(Scoring!$AF$5:$AF$172,MATCH(66,Scoring!$AH$5:$AH$172,0))="Yes",IF(INDEX(Scoring!$Z$5:$Z$172,MATCH(66,Scoring!$AH$5:$AH$172,0))<=Weights!$C$19,"Top 30 + added","Added to queue"),"Top 30 by score")) | D70: =IF($A70="","",INDEX(Scoring!$A$5:$A$172,MATCH(66,Scoring!$AH$5:$AH$172,0))) | E70: =IF($A70="","",INDEX(Scoring!$B$5:$B$172,MATCH(66,Scoring!$AH$5:$AH$172,0))) | F70: =IF($A70="","",INDEX(Scoring!$C$5:$C$172,MATCH(66,Scoring!$AH$5:$AH$172,0))) | G70: =IF($A70="","",INDEX(Scoring!$D$5:$D$172,MATCH(66,Scoring!$AH$5:$AH$172,0))) | H70: =IF($A70="","",INDEX(Scoring!$F$5:$F$172,MATCH(66,Scoring!$AH$5:$AH$172,0))) | I70: =IF($A70="","",INDEX(Scoring!$G$5:$G$172,MATCH(66,Scoring!$AH$5:$AH$172,0))) | J70: =IF($A70="","",INDEX(Scoring!$H$5:$H$172,MATCH(66,Scoring!$AH$5:$AH$172,0))) | K70: =IF($A70="","",INDEX(Scoring!$W$5:$W$172,MATCH(66,Scoring!$AH$5:$AH$172,0))) | L70: =IF($A70="","",INDEX(Scoring!$AA$5:$AA$172,MATCH(66,Scoring!$AH$5:$AH$172,0))) | M70: =IF($A70="","",INDEX(Scoring!$AB$5:$AB$172,MATCH(66,Scoring!$AH$5:$AH$172,0))) | N70: =IF($A70="","",INDEX(Scoring!$AD$5:$AD$172,MATCH(66,Scoring!$AH$5:$AH$172,0))) | O70: =IF($A70="","",INDEX(Scoring!$AE$5:$AE$172,MATCH(66,Scoring!$AH$5:$AH$172,0)))
A71: =IF(67<=$C$3,67,"") | B71: =IF($A71="","",INDEX(Scoring!$Z$5:$Z$172,MATCH(67,Scoring!$AH$5:$AH$172,0))) | C71: =IF($A71="","",IF(INDEX(Scoring!$AF$5:$AF$172,MATCH(67,Scoring!$AH$5:$AH$172,0))="Yes",IF(INDEX(Scoring!$Z$5:$Z$172,MATCH(67,Scoring!$AH$5:$AH$172,0))<=Weights!$C$19,"Top 30 + added","Added to queue"),"Top 30 by score")) | D71: =IF($A71="","",INDEX(Scoring!$A$5:$A$172,MATCH(67,Scoring!$AH$5:$AH$172,0))) | E71: =IF($A71="","",INDEX(Scoring!$B$5:$B$172,MATCH(67,Scoring!$AH$5:$AH$172,0))) | F71: =IF($A71="","",INDEX(Scoring!$C$5:$C$172,MATCH(67,Scoring!$AH$5:$AH$172,0))) | G71: =IF($A71="","",INDEX(Scoring!$D$5:$D$172,MATCH(67,Scoring!$AH$5:$AH$172,0))) | H71: =IF($A71="","",INDEX(Scoring!$F$5:$F$172,MATCH(67,Scoring!$AH$5:$AH$172,0))) | I71: =IF($A71="","",INDEX(Scoring!$G$5:$G$172,MATCH(67,Scoring!$AH$5:$AH$172,0))) | J71: =IF($A71="","",INDEX(Scoring!$H$5:$H$172,MATCH(67,Scoring!$AH$5:$AH$172,0))) | K71: =IF($A71="","",INDEX(Scoring!$W$5:$W$172,MATCH(67,Scoring!$AH$5:$AH$172,0))) | L71: =IF($A71="","",INDEX(Scoring!$AA$5:$AA$172,MATCH(67,Scoring!$AH$5:$AH$172,0))) | M71: =IF($A71="","",INDEX(Scoring!$AB$5:$AB$172,MATCH(67,Scoring!$AH$5:$AH$172,0))) | N71: =IF($A71="","",INDEX(Scoring!$AD$5:$AD$172,MATCH(67,Scoring!$AH$5:$AH$172,0))) | O71: =IF($A71="","",INDEX(Scoring!$AE$5:$AE$172,MATCH(67,Scoring!$AH$5:$AH$172,0)))
A72: =IF(68<=$C$3,68,"") | B72: =IF($A72="","",INDEX(Scoring!$Z$5:$Z$172,MATCH(68,Scoring!$AH$5:$AH$172,0))) | C72: =IF($A72="","",IF(INDEX(Scoring!$AF$5:$AF$172,MATCH(68,Scoring!$AH$5:$AH$172,0))="Yes",IF(INDEX(Scoring!$Z$5:$Z$172,MATCH(68,Scoring!$AH$5:$AH$172,0))<=Weights!$C$19,"Top 30 + added","Added to queue"),"Top 30 by score")) | D72: =IF($A72="","",INDEX(Scoring!$A$5:$A$172,MATCH(68,Scoring!$AH$5:$AH$172,0))) | E72: =IF($A72="","",INDEX(Scoring!$B$5:$B$172,MATCH(68,Scoring!$AH$5:$AH$172,0))) | F72: =IF($A72="","",INDEX(Scoring!$C$5:$C$172,MATCH(68,Scoring!$AH$5:$AH$172,0))) | G72: =IF($A72="","",INDEX(Scoring!$D$5:$D$172,MATCH(68,Scoring!$AH$5:$AH$172,0))) | H72: =IF($A72="","",INDEX(Scoring!$F$5:$F$172,MATCH(68,Scoring!$AH$5:$AH$172,0))) | I72: =IF($A72="","",INDEX(Scoring!$G$5:$G$172,MATCH(68,Scoring!$AH$5:$AH$172,0))) | J72: =IF($A72="","",INDEX(Scoring!$H$5:$H$172,MATCH(68,Scoring!$AH$5:$AH$172,0))) | K72: =IF($A72="","",INDEX(Scoring!$W$5:$W$172,MATCH(68,Scoring!$AH$5:$AH$172,0))) | L72: =IF($A72="","",INDEX(Scoring!$AA$5:$AA$172,MATCH(68,Scoring!$AH$5:$AH$172,0))) | M72: =IF($A72="","",INDEX(Scoring!$AB$5:$AB$172,MATCH(68,Scoring!$AH$5:$AH$172,0))) | N72: =IF($A72="","",INDEX(Scoring!$AD$5:$AD$172,MATCH(68,Scoring!$AH$5:$AH$172,0))) | O72: =IF($A72="","",INDEX(Scoring!$AE$5:$AE$172,MATCH(68,Scoring!$AH$5:$AH$172,0)))
A73: =IF(69<=$C$3,69,"") | B73: =IF($A73="","",INDEX(Scoring!$Z$5:$Z$172,MATCH(69,Scoring!$AH$5:$AH$172,0))) | C73: =IF($A73="","",IF(INDEX(Scoring!$AF$5:$AF$172,MATCH(69,Scoring!$AH$5:$AH$172,0))="Yes",IF(INDEX(Scoring!$Z$5:$Z$172,MATCH(69,Scoring!$AH$5:$AH$172,0))<=Weights!$C$19,"Top 30 + added","Added to queue"),"Top 30 by score")) | D73: =IF($A73="","",INDEX(Scoring!$A$5:$A$172,MATCH(69,Scoring!$AH$5:$AH$172,0))) | E73: =IF($A73="","",INDEX(Scoring!$B$5:$B$172,MATCH(69,Scoring!$AH$5:$AH$172,0))) | F73: =IF($A73="","",INDEX(Scoring!$C$5:$C$172,MATCH(69,Scoring!$AH$5:$AH$172,0))) | G73: =IF($A73="","",INDEX(Scoring!$D$5:$D$172,MATCH(69,Scoring!$AH$5:$AH$172,0))) | H73: =IF($A73="","",INDEX(Scoring!$F$5:$F$172,MATCH(69,Scoring!$AH$5:$AH$172,0))) | I73: =IF($A73="","",INDEX(Scoring!$G$5:$G$172,MATCH(69,Scoring!$AH$5:$AH$172,0))) | J73: =IF($A73="","",INDEX(Scoring!$H$5:$H$172,MATCH(69,Scoring!$AH$5:$AH$172,0))) | K73: =IF($A73="","",INDEX(Scoring!$W$5:$W$172,MATCH(69,Scoring!$AH$5:$AH$172,0))) | L73: =IF($A73="","",INDEX(Scoring!$AA$5:$AA$172,MATCH(69,Scoring!$AH$5:$AH$172,0))) | M73: =IF($A73="","",INDEX(Scoring!$AB$5:$AB$172,MATCH(69,Scoring!$AH$5:$AH$172,0))) | N73: =IF($A73="","",INDEX(Scoring!$AD$5:$AD$172,MATCH(69,Scoring!$AH$5:$AH$172,0))) | O73: =IF($A73="","",INDEX(Scoring!$AE$5:$AE$172,MATCH(69,Scoring!$AH$5:$AH$172,0)))
A74: =IF(70<=$C$3,70,"") | B74: =IF($A74="","",INDEX(Scoring!$Z$5:$Z$172,MATCH(70,Scoring!$AH$5:$AH$172,0))) | C74: =IF($A74="","",IF(INDEX(Scoring!$AF$5:$AF$172,MATCH(70,Scoring!$AH$5:$AH$172,0))="Yes",IF(INDEX(Scoring!$Z$5:$Z$172,MATCH(70,Scoring!$AH$5:$AH$172,0))<=Weights!$C$19,"Top 30 + added","Added to queue"),"Top 30 by score")) | D74: =IF($A74="","",INDEX(Scoring!$A$5:$A$172,MATCH(70,Scoring!$AH$5:$AH$172,0))) | E74: =IF($A74="","",INDEX(Scoring!$B$5:$B$172,MATCH(70,Scoring!$AH$5:$AH$172,0))) | F74: =IF($A74="","",INDEX(Scoring!$C$5:$C$172,MATCH(70,Scoring!$AH$5:$AH$172,0))) | G74: =IF($A74="","",INDEX(Scoring!$D$5:$D$172,MATCH(70,Scoring!$AH$5:$AH$172,0))) | H74: =IF($A74="","",INDEX(Scoring!$F$5:$F$172,MATCH(70,Scoring!$AH$5:$AH$172,0))) | I74: =IF($A74="","",INDEX(Scoring!$G$5:$G$172,MATCH(70,Scoring!$AH$5:$AH$172,0))) | J74: =IF($A74="","",INDEX(Scoring!$H$5:$H$172,MATCH(70,Scoring!$AH$5:$AH$172,0))) | K74: =IF($A74="","",INDEX(Scoring!$W$5:$W$172,MATCH(70,Scoring!$AH$5:$AH$172,0))) | L74: =IF($A74="","",INDEX(Scoring!$AA$5:$AA$172,MATCH(70,Scoring!$AH$5:$AH$172,0))) | M74: =IF($A74="","",INDEX(Scoring!$AB$5:$AB$172,MATCH(70,Scoring!$AH$5:$AH$172,0))) | N74: =IF($A74="","",INDEX(Scoring!$AD$5:$AD$172,MATCH(70,Scoring!$AH$5:$AH$172,0))) | O74: =IF($A74="","",INDEX(Scoring!$AE$5:$AE$172,MATCH(70,Scoring!$AH$5:$AH$172,0)))
A75: =IF(71<=$C$3,71,"") | B75: =IF($A75="","",INDEX(Scoring!$Z$5:$Z$172,MATCH(71,Scoring!$AH$5:$AH$172,0))) | C75: =IF($A75="","",IF(INDEX(Scoring!$AF$5:$AF$172,MATCH(71,Scoring!$AH$5:$AH$172,0))="Yes",IF(INDEX(Scoring!$Z$5:$Z$172,MATCH(71,Scoring!$AH$5:$AH$172,0))<=Weights!$C$19,"Top 30 + added","Added to queue"),"Top 30 by score")) | D75: =IF($A75="","",INDEX(Scoring!$A$5:$A$172,MATCH(71,Scoring!$AH$5:$AH$172,0))) | E75: =IF($A75="","",INDEX(Scoring!$B$5:$B$172,MATCH(71,Scoring!$AH$5:$AH$172,0))) | F75: =IF($A75="","",INDEX(Scoring!$C$5:$C$172,MATCH(71,Scoring!$AH$5:$AH$172,0))) | G75: =IF($A75="","",INDEX(Scoring!$D$5:$D$172,MATCH(71,Scoring!$AH$5:$AH$172,0))) | H75: =IF($A75="","",INDEX(Scoring!$F$5:$F$172,MATCH(71,Scoring!$AH$5:$AH$172,0))) | I75: =IF($A75="","",INDEX(Scoring!$G$5:$G$172,MATCH(71,Scoring!$AH$5:$AH$172,0))) | J75: =IF($A75="","",INDEX(Scoring!$H$5:$H$172,MATCH(71,Scoring!$AH$5:$AH$172,0))) | K75: =IF($A75="","",INDEX(Scoring!$W$5:$W$172,MATCH(71,Scoring!$AH$5:$AH$172,0))) | L75: =IF($A75="","",INDEX(Scoring!$AA$5:$AA$172,MATCH(71,Scoring!$AH$5:$AH$172,0))) | M75: =IF($A75="","",INDEX(Scoring!$AB$5:$AB$172,MATCH(71,Scoring!$AH$5:$AH$172,0))) | N75: =IF($A75="","",INDEX(Scoring!$AD$5:$AD$172,MATCH(71,Scoring!$AH$5:$AH$172,0))) | O75: =IF($A75="","",INDEX(Scoring!$AE$5:$AE$172,MATCH(71,Scoring!$AH$5:$AH$172,0)))
A76: =IF(72<=$C$3,72,"") | B76: =IF($A76="","",INDEX(Scoring!$Z$5:$Z$172,MATCH(72,Scoring!$AH$5:$AH$172,0))) | C76: =IF($A76="","",IF(INDEX(Scoring!$AF$5:$AF$172,MATCH(72,Scoring!$AH$5:$AH$172,0))="Yes",IF(INDEX(Scoring!$Z$5:$Z$172,MATCH(72,Scoring!$AH$5:$AH$172,0))<=Weights!$C$19,"Top 30 + added","Added to queue"),"Top 30 by score")) | D76: =IF($A76="","",INDEX(Scoring!$A$5:$A$172,MATCH(72,Scoring!$AH$5:$AH$172,0))) | E76: =IF($A76="","",INDEX(Scoring!$B$5:$B$172,MATCH(72,Scoring!$AH$5:$AH$172,0))) | F76: =IF($A76="","",INDEX(Scoring!$C$5:$C$172,MATCH(72,Scoring!$AH$5:$AH$172,0))) | G76: =IF($A76="","",INDEX(Scoring!$D$5:$D$172,MATCH(72,Scoring!$AH$5:$AH$172,0))) | H76: =IF($A76="","",INDEX(Scoring!$F$5:$F$172,MATCH(72,Scoring!$AH$5:$AH$172,0))) | I76: =IF($A76="","",INDEX(Scoring!$G$5:$G$172,MATCH(72,Scoring!$AH$5:$AH$172,0))) | J76: =IF($A76="","",INDEX(Scoring!$H$5:$H$172,MATCH(72,Scoring!$AH$5:$AH$172,0))) | K76: =IF($A76="","",INDEX(Scoring!$W$5:$W$172,MATCH(72,Scoring!$AH$5:$AH$172,0))) | L76: =IF($A76="","",INDEX(Scoring!$AA$5:$AA$172,MATCH(72,Scoring!$AH$5:$AH$172,0))) | M76: =IF($A76="","",INDEX(Scoring!$AB$5:$AB$172,MATCH(72,Scoring!$AH$5:$AH$172,0))) | N76: =IF($A76="","",INDEX(Scoring!$AD$5:$AD$172,MATCH(72,Scoring!$AH$5:$AH$172,0))) | O76: =IF($A76="","",INDEX(Scoring!$AE$5:$AE$172,MATCH(72,Scoring!$AH$5:$AH$172,0)))
A77: =IF(73<=$C$3,73,"") | B77: =IF($A77="","",INDEX(Scoring!$Z$5:$Z$172,MATCH(73,Scoring!$AH$5:$AH$172,0))) | C77: =IF($A77="","",IF(INDEX(Scoring!$AF$5:$AF$172,MATCH(73,Scoring!$AH$5:$AH$172,0))="Yes",IF(INDEX(Scoring!$Z$5:$Z$172,MATCH(73,Scoring!$AH$5:$AH$172,0))<=Weights!$C$19,"Top 30 + added","Added to queue"),"Top 30 by score")) | D77: =IF($A77="","",INDEX(Scoring!$A$5:$A$172,MATCH(73,Scoring!$AH$5:$AH$172,0))) | E77: =IF($A77="","",INDEX(Scoring!$B$5:$B$172,MATCH(73,Scoring!$AH$5:$AH$172,0))) | F77: =IF($A77="","",INDEX(Scoring!$C$5:$C$172,MATCH(73,Scoring!$AH$5:$AH$172,0))) | G77: =IF($A77="","",INDEX(Scoring!$D$5:$D$172,MATCH(73,Scoring!$AH$5:$AH$172,0))) | H77: =IF($A77="","",INDEX(Scoring!$F$5:$F$172,MATCH(73,Scoring!$AH$5:$AH$172,0))) | I77: =IF($A77="","",INDEX(Scoring!$G$5:$G$172,MATCH(73,Scoring!$AH$5:$AH$172,0))) | J77: =IF($A77="","",INDEX(Scoring!$H$5:$H$172,MATCH(73,Scoring!$AH$5:$AH$172,0))) | K77: =IF($A77="","",INDEX(Scoring!$W$5:$W$172,MATCH(73,Scoring!$AH$5:$AH$172,0))) | L77: =IF($A77="","",INDEX(Scoring!$AA$5:$AA$172,MATCH(73,Scoring!$AH$5:$AH$172,0))) | M77: =IF($A77="","",INDEX(Scoring!$AB$5:$AB$172,MATCH(73,Scoring!$AH$5:$AH$172,0))) | N77: =IF($A77="","",INDEX(Scoring!$AD$5:$AD$172,MATCH(73,Scoring!$AH$5:$AH$172,0))) | O77: =IF($A77="","",INDEX(Scoring!$AE$5:$AE$172,MATCH(73,Scoring!$AH$5:$AH$172,0)))
A78: =IF(74<=$C$3,74,"") | B78: =IF($A78="","",INDEX(Scoring!$Z$5:$Z$172,MATCH(74,Scoring!$AH$5:$AH$172,0))) | C78: =IF($A78="","",IF(INDEX(Scoring!$AF$5:$AF$172,MATCH(74,Scoring!$AH$5:$AH$172,0))="Yes",IF(INDEX(Scoring!$Z$5:$Z$172,MATCH(74,Scoring!$AH$5:$AH$172,0))<=Weights!$C$19,"Top 30 + added","Added to queue"),"Top 30 by score")) | D78: =IF($A78="","",INDEX(Scoring!$A$5:$A$172,MATCH(74,Scoring!$AH$5:$AH$172,0))) | E78: =IF($A78="","",INDEX(Scoring!$B$5:$B$172,MATCH(74,Scoring!$AH$5:$AH$172,0))) | F78: =IF($A78="","",INDEX(Scoring!$C$5:$C$172,MATCH(74,Scoring!$AH$5:$AH$172,0))) | G78: =IF($A78="","",INDEX(Scoring!$D$5:$D$172,MATCH(74,Scoring!$AH$5:$AH$172,0))) | H78: =IF($A78="","",INDEX(Scoring!$F$5:$F$172,MATCH(74,Scoring!$AH$5:$AH$172,0))) | I78: =IF($A78="","",INDEX(Scoring!$G$5:$G$172,MATCH(74,Scoring!$AH$5:$AH$172,0))) | J78: =IF($A78="","",INDEX(Scoring!$H$5:$H$172,MATCH(74,Scoring!$AH$5:$AH$172,0))) | K78: =IF($A78="","",INDEX(Scoring!$W$5:$W$172,MATCH(74,Scoring!$AH$5:$AH$172,0))) | L78: =IF($A78="","",INDEX(Scoring!$AA$5:$AA$172,MATCH(74,Scoring!$AH$5:$AH$172,0))) | M78: =IF($A78="","",INDEX(Scoring!$AB$5:$AB$172,MATCH(74,Scoring!$AH$5:$AH$172,0))) | N78: =IF($A78="","",INDEX(Scoring!$AD$5:$AD$172,MATCH(74,Scoring!$AH$5:$AH$172,0))) | O78: =IF($A78="","",INDEX(Scoring!$AE$5:$AE$172,MATCH(74,Scoring!$AH$5:$AH$172,0)))
A79: =IF(75<=$C$3,75,"") | B79: =IF($A79="","",INDEX(Scoring!$Z$5:$Z$172,MATCH(75,Scoring!$AH$5:$AH$172,0))) | C79: =IF($A79="","",IF(INDEX(Scoring!$AF$5:$AF$172,MATCH(75,Scoring!$AH$5:$AH$172,0))="Yes",IF(INDEX(Scoring!$Z$5:$Z$172,MATCH(75,Scoring!$AH$5:$AH$172,0))<=Weights!$C$19,"Top 30 + added","Added to queue"),"Top 30 by score")) | D79: =IF($A79="","",INDEX(Scoring!$A$5:$A$172,MATCH(75,Scoring!$AH$5:$AH$172,0))) | E79: =IF($A79="","",INDEX(Scoring!$B$5:$B$172,MATCH(75,Scoring!$AH$5:$AH$172,0))) | F79: =IF($A79="","",INDEX(Scoring!$C$5:$C$172,MATCH(75,Scoring!$AH$5:$AH$172,0))) | G79: =IF($A79="","",INDEX(Scoring!$D$5:$D$172,MATCH(75,Scoring!$AH$5:$AH$172,0))) | H79: =IF($A79="","",INDEX(Scoring!$F$5:$F$172,MATCH(75,Scoring!$AH$5:$AH$172,0))) | I79: =IF($A79="","",INDEX(Scoring!$G$5:$G$172,MATCH(75,Scoring!$AH$5:$AH$172,0))) | J79: =IF($A79="","",INDEX(Scoring!$H$5:$H$172,MATCH(75,Scoring!$AH$5:$AH$172,0))) | K79: =IF($A79="","",INDEX(Scoring!$W$5:$W$172,MATCH(75,Scoring!$AH$5:$AH$172,0))) | L79: =IF($A79="","",INDEX(Scoring!$AA$5:$AA$172,MATCH(75,Scoring!$AH$5:$AH$172,0))) | M79: =IF($A79="","",INDEX(Scoring!$AB$5:$AB$172,MATCH(75,Scoring!$AH$5:$AH$172,0))) | N79: =IF($A79="","",INDEX(Scoring!$AD$5:$AD$172,MATCH(75,Scoring!$AH$5:$AH$172,0))) | O79: =IF($A79="","",INDEX(Scoring!$AE$5:$AE$172,MATCH(75,Scoring!$AH$5:$AH$172,0)))

Sheet Weights
A1: Criteria, Weights and Scoring Rubrics
A2: Edit the yellow cells. Weights should total 100%; scores are normalised by the total in any case.
A4: # | B4: Criterion | C4: Weight | D4: What it measures | E4: Scoring rubric (0–5)
A5: 1 | B5: Specialization | C5: 0.08 | D5: Relevance of the post-training role to AI and data | E5: 5 AI/ML/data-science role · 4 data, analytics, cloud or security role · 2 adjacent role
A6: 2 | B6: Employer / company profile | C6: 0.12 | D6: Recognition and weight of the employer | E6: 5 flagship national or global entity (PIF, Aramco, NEOM, HUMAIN, KFSHRC, ministries, Elm, SABIC) · 4 major government body, bank or large firm · 3 SDAIA (host employer) · 2 SME or other · 0 undisclosed
A7: 3 | B7: Time since training | C7: 0.08 | D7: Months from programme completion to the outcome | E7: 5 ≤2 months · 4 ≤4 · 3 ≤7 · 2 ≤10 or undated · 1 ≤14 · 2 same month as completion
A8: 4 | B8: Employment after training | C8: 0.1 | D8: Whether the outcome is a dated hire | E8: 5 new employer · 4 hired by SDAIA · 3 internal move · −1 if hired in the completion month · 0–2 no employment outcome
A9: 5 | B9: Promotion | C9: 0.07 | D9: Promotion or progression after the first outcome | E9: 5 promoted into a senior/lead title · 4 promotion or progression · 3 senior title on entry · 0 none
A10: 6 | B10: Career transition | C10: 0.06 | D10: A clear change of field or role type | E10: 5 career switch, learner→trainer, practice→lecturing · 3 move from a prior job to a new data/AI role · 0 none
A11: 7 | B11: Measurable impact | C11: 0.1 | D11: A quantified or independently judged result | E11: 5 first place, official benchmark score, peer-reviewed paper · 4 award, placement or quantified result (%, trainees, stars) · 3 senior scope · 2 standard hire · 1 vague
A12: 8 | B12: Achievements | C12: 0.08 | D12: Breadth of listed achievements, awards, research and certifications | E12: 0.75 per listed achievement (max 4) · +2 award or research · +0.5 certification; capped at 5
A13: 9 | B13: Story completeness | C13: 0.08 | D13: Readiness of the card: photo, logo, achievements, story text, English name | E13: 2 real photo (1 avatar/low-res) · 0.75 logo · up to 1 achievements · up to 1 story length · 0.25 English name
A14: 10 | B14: Evidence quality | C14: 0.15 | D14: How checkable the claim is | E14: 2 month-level or publication dating · 1 LinkedIn profile · 0.75 per independent source (ACL, MDPI, Codabench, SPA, official page) · +0.5 provenance · +0.5 cleared quote · −1.5 gap flag · −0.5 same-month hire
A15: 11 | B15: Strategic relevance | C15: 0.08 | D15: Fit with what the Academy most needs to show now | E15: Track priority (5 GenAI/LLM/Agents/Applied AI · 4 ML, data eng, cloud, cyber · 3 data science, data management, ServiceNow) +1 cohort 2025–26 · −1 cohort 2021 · +1 first story in a track or distinctive angle · −1 SDAIA host hire
B16: Total | C16: =SUM(C5:C15) -> 1 | D16: =IF(ROUND(C16,4)=1,"OK — weights total 100%","Check — weights total "&TEXT(C16,"0%")) -> OK — weights total 100%
B17: Tier cut-offs (last rank in tier)
B18: Tier 1 – Flagship launch | C18: 10 | D18: Assumption: cut-offs set to match the requested Top 30, with the first 10 as a launch wave.
B19: Tier 2 – Priority | C19: 30
B20: Tier 3 – Standard rotation | C20: 80

Sheet Scoring
A1: Story Scoring Matrix — all 168 stories
A2: Criterion scores 0–5 (blue = editable). Priority Score, Rank and Tier are formulas.
H3: Weight → | I3: =Weights!C5 -> 0.08 | J3: =Weights!C6 -> 0.12 | K3: =Weights!C7 -> 0.08 | L3: =Weights!C8 -> 0.1 | M3: =Weights!C9 -> 0.07 | N3: =Weights!C10 -> 0.06 | O3: =Weights!C11 -> 0.1 | P3: =Weights!C12 -> 0.08 | Q3: =Weights!C13 -> 0.08 | R3: =Weights!C14 -> 0.15 | S3: =Weights!C15 -> 0.08
A4: Story ID | B4: Name (AR) | C4: Name (EN) | D4: Employer | E4: Role | F4: Track | G4: Cohort | H4: Months to Outcome | I4: Specialization | J4: Employer / company profile | K4: Time since training | L4: Employment after training | M4: Promotion | N4: Career transition | O4: Measurable impact | P4: Achievements | Q4: Story completeness | R4: Evidence quality | S4: Strategic relevance | T4: Editorial Adj. (pts) | U4: Hold Flag | V4: Hold Reason | W4: Priority Score | X4: Eligible | Y4: Rank Key | Z4: Rank | AA4: Publishing Tier | AB4: Rationale | AC4: Key Outcome (story record) | AD4: Pre-publication Actions | AE4: Quote Status | AF4: Added to Queue | AG4: Queue Key | AH4: Queue Rank
A5: abdulaziz-althumairy | B5: عبدالعزيز الثميري | C5: Abdulaziz Al-Thumairy | D5: صندوق الاستثمارات العامة (PIF) | E5: محلل أداء الاستثمارات — الشرق الأوسط وشمال أفريقيا | F5: GenAI / NVIDIA | G5: 2024 | H5: 2 | I5: 2 | J5: 5 | K5: 5 | L5: 5 | M5: 0 | N5: 3 | O5: 2 | P5: 3.5 | Q5: 5 | R5: 3.5 | S5: 5 | T5: 0 | U5: No | W5: =MIN(100,MAX(0,ROUND(SUMPRODUCT(I5:S5,$I$3:$S$3)/SUM($I$3:$S$3)/5*100+T5,1))) -> 72.9 | X5: =IF(U5="Yes","No","Yes") -> Yes | Y5: =IF(X5="Yes",W5,W5-1000)-ROW()/100000 -> 72.89995 | Z5: =RANK(Y5,$Y$5:$Y$172,0) -> 12 | AA5: =IF(X5="No","Hold – resolve flag",IF(Z5<=Weights!$C$18,"Tier 1 – Flagship launch",IF(OR(Z5<=Weights!$C$19,AF5="Yes"),"Tier 2 – Priority",IF(Z5<=Weights!$C$20,"Tier 3 – Standard rotation","Tier 4 – Reserve")))) -> Tier 2 – Priority | AB5: Strengths: Employer / company profile 5/5, Employment after training 5/5, Time since training 5/5. GenAI / NVIDIA track, cohort 2024; 2 months to outcome. Weak on: Promotion. | AC5: الالتحاق بصندوق الاستثمارات العامة عبر برنامج الخريجين GDP في نوفمبر 2024 — بعد شهرين اثنين من إتمام البرنامج — ثم الانتقال إلى محلل أداء الاستثمارات للشرق الأوسط وشمال أفريقيا في ديسمبر 2025. | AD5: Clear draft quote with graduate | AE5: Draft | AF5: Yes | AG5: =IF(OR(Z5<=Weights!$C$19,AF5="Yes"),Y5,Y5-5000) -> 72.89995 | AH5: =IF(OR(Z5<=Weights!$C$19,AF5="Yes"),RANK(AG5,$AG$5:$AG$172,0),"") -> 12
A6: noura-alfouzan | B6: نورة الفوزان | C6: Noura Alfouzan | D6: المؤسسة العامة للمياه (Saudi Water Authority) | E6: محللة بيانات أولى | F6: Advanced AI Pathways | G6: 2024 | H6: n/a | I6: 4 | J6: 2 | K6: 2 | L6: 5 | M6: 3 | N6: 5 | O6: 4 | P6: 2.2 | Q6: 4.8 | R6: 3.5 | S6: 5 | T6: 0 | U6: No | W6: =MIN(100,MAX(0,ROUND(SUMPRODUCT(I6:S6,$I$3:$S$3)/SUM($I$3:$S$3)/5*100+T6,1))) -> 72.3 | X6: =IF(U6="Yes","No","Yes") -> Yes | Y6: =IF(X6="Yes",W6,W6-1000)-ROW()/100000 -> 72.29994 | Z6: =RANK(Y6,$Y$5:$Y$172,0) -> 13 | AA6: =IF(X6="No","Hold – resolve flag",IF(Z6<=Weights!$C$18,"Tier 1 – Flagship launch",IF(OR(Z6<=Weights!$C$19,AF6="Yes"),"Tier 2 – Priority",IF(Z6<=Weights!$C$20,"Tier 3 – Standard rotation","Tier 4 – Reserve")))) -> Tier 2 – Priority | AB6: Strengths: Employment after training 5/5, Measurable impact 4/5, Strategic relevance 5/5. Advanced AI Pathways track, cohort 2024; timing dated by year only. | AC6: إنجازان داخل النافذة: مدرّبة الذكاء الاصطناعي والطائرات المسيّرة في أكاديمية طويق من أبريل 2025 (خمس دورات لأكثر من 100 متدرب)، ثم الالتحاق بالمؤسسة العامة للمياه محللةَ بيانات أولى في نوفمبر 2025. | AD6: Clear draft quote with graduate | AE6: Draft | AF6: No | AG6: =IF(OR(Z6<=Weights!$C$19,AF6="Yes"),Y6,Y6-5000) -> 72.29994 | AH6: =IF(OR(Z6<=Weights!$C$19,AF6="Yes"),RANK(AG6,$AG$5:$AG$172,0),"") -> 13
A7: osama-alfawzan | B7: أسامة عبدالرحمن الفوزان | C7: Osama Alfawzan | D7: سدايا | E7: مسؤول قواعد بيانات | F7: Machine Learning | G7: 2024 | H7: 11 | I7: 4 | J7: 3 | K7: 1 | L7: 4 | M7: 4 | N7: 5 | O7: 2 | P7: 1.5 | Q7: 4.2 | R7: 3.5 | S7: 3 | T7: 0 | U7: No | W7: =MIN(100,MAX(0,ROUND(SUMPRODUCT(I7:S7,$I$3:$S$3)/SUM($I$3:$S$3)/5*100+T7,1))) -> 63.2 | X7: =IF(U7="Yes","No","Yes") -> Yes | Y7: =IF(X7="Yes",W7,W7-1000)-ROW()/100000 -> 63.19993 | Z7: =RANK(Y7,$Y$5:$Y$172,0) -> 55 | AA7: =IF(X7="No","Hold – resolve flag",IF(Z7<=Weights!$C$18,"Tier 1 – Flagship launch",IF(OR(Z7<=Weights!$C$19,AF7="Yes"),"Tier 2 – Priority",IF(Z7<=Weights!$C$20,"Tier 3 – Standard rotation","Tier 4 – Reserve")))) -> Tier 3 – Standard rotation | AB7: Strengths: Employment after training 4/5, Story completeness 4.2/5, Specialization 4/5. Machine Learning track, cohort 2024; 11 months to outcome. Weak on: Time since training. | AC7: الالتحاق بسدايا مسؤولَ قواعد بيانات في يناير 2025 — بعد نحو أحد عشر شهرًا من المعسكر، وداخل النافذة حتى لو قُرئ تاريخ الإتمام عند أشدّه (يناير 2024). | AD7: Clear draft quote with graduate | AE7: Draft | AF7: No | AG7: =IF(OR(Z7<=Weights!$C$19,AF7="Yes"),Y7,Y7-5000) -> -4936.8001 | AH7: =IF(OR(Z7<=Weights!$C$19,AF7="Yes"),RANK(AG7,$AG$5:$AG$172,0),"")
A8: nisreen-alsayegh | B8: نسرين الصايغ | C8: Nisreen Alsayegh | D8: سدايا | E8: عالمة بيانات — التحقت بسدايا في سنة الشهادة نفسها (2021) | F8: Data Science & AI (T5) | G8: 2021 | H8: n/a | I8: 5 | J8: 3 | K8: 2 | L8: 4 | M8: 0 | N8: 0 | O8: 2 | P8: 3.5 | Q8: 4.6 | R8: 1.8 | S8: 1 | T8: 0 | U8: No | W8: =MIN(100,MAX(0,ROUND(SUMPRODUCT(I8:S8,$I$3:$S$3)/SUM($I$3:$S$3)/5*100+T8,1))) -> 50.4 | X8: =IF(U8="Yes","No","Yes") -> Yes | Y8: =IF(X8="Yes",W8,W8-1000)-ROW()/100000 -> 50.39992 | Z8: =RANK(Y8,$Y$5:$Y$172,0) -> 143 | AA8: =IF(X8="No","Hold – resolve flag",IF(Z8<=Weights!$C$18,"Tier 1 – Flagship launch",IF(OR(Z8<=Weights!$C$19,AF8="Yes"),"Tier 2 – Priority",IF(Z8<=Weights!$C$20,"Tier 3 – Standard rotation","Tier 4 – Reserve")))) -> Tier 4 – Reserve | AB8: Strengths: Specialization 5/5, Employment after training 4/5, Story completeness 4.6/5. Data Science & AI (T5) track, cohort 2021; timing dated by year only. Weak on: Promotion, Career transition. | AC8: شهادة معسكر T5 في 2021 وتوظيف داخل سدايا في السنة نفسها — ثم مسار لاحق إلى شركة مزن عالمةً مشاركةً للبيانات. | AD8: Clear draft quote with graduate; Confirm month-level date | AE8: Draft | AF8: No | AG8: =IF(OR(Z8<=Weights!$C$19,AF8="Yes"),Y8,Y8-5000) -> -4949.6001 | AH8: =IF(OR(Z8<=Weights!$C$19,AF8="Yes"),RANK(AG8,$AG$5:$AG$172,0),"")
A9: meshal-alamr | B9: مشعل العمر | C9: Meshal Alamr | D9: جهة حكومية | E9: مهندس ذكاء اصطناعي رئيسي (Lead AI Engineer) | F9: Data Science & AI (T5) | G9: 2021 | H9: n/a | I9: 5 | J9: 0 | K9: 2 | L9: 0 | M9: 3 | N9: 0 | O9: 4 | P9: 3 | Q9: 4.2 | R9: 2 | S9: 2 | T9: 0 | U9: Yes | V9: Employer undisclosed | W9: =MIN(100,MAX(0,ROUND(SUMPRODUCT(I9:S9,$I$3:$S$3)/SUM($I$3:$S$3)/5*100+T9,1))) -> 44.1 | X9: =IF(U9="Yes","No","Yes") -> No | Y9: =IF(X9="Yes",W9,W9-1000)-ROW()/100000 -> -955.90009 | Z9: =RANK(Y9,$Y$5:$Y$172,0) -> 166 | AA9: =IF(X9="No","Hold – resolve flag",IF(Z9<=Weights!$C$18,"Tier 1 – Flagship launch",IF(OR(Z9<=Weights!$C$19,AF9="Yes"),"Tier 2 – Priority",IF(Z9<=Weights!$C$20,"Tier 3 – Standard rotation","Tier 4 – Reserve")))) -> Hold – resolve flag | AB9: Strengths: Specialization 5/5, Measurable impact 4/5, Story completeness 4.2/5. Data Science & AI (T5) track, cohort 2021; timing dated by year only. Weak on: Employer / company profile, Employment after training. Held: Employer undisclosed. | AC9: صاحب أعلى مستودع تفاعلًا بين مستودعات معسكرات الأكاديمية كلها على GitHub — 54 نجمة و24 تفريعة، والثاني بعده 13 نجمة فقط. | AD9: Clear draft quote with graduate; Confirm month-level date | AE9: Draft | AF9: No | AG9: =IF(OR(Z9<=Weights!$C$19,AF9="Yes"),Y9,Y9-5000) -> -5955.9001 | AH9: =IF(OR(Z9<=Weights!$C$19,AF9="Yes"),RANK(AG9,$AG$5:$AG$172,0),"")
A10: sara-alabdulsalam | B10: سارة العبدالسلام | C10: Sara Al Abdulsalam | D10: سدايا | E10: مهندسة أبحاث بدوام كامل — ثم مطوّرة تطبيقات في channels by stc | F10: Data Science & AI (T5) | G10: 2021 | H10: n/a | I10: 5 | J10: 3 | K10: 2 | L10: 4 | M10: 0 | N10: 0 | O10: 2 | P10: 1.5 | Q10: 3.9 | R10: 3.5 | S10: 1 | T10: 0 | U10: No | W10: =MIN(100,MAX(0,ROUND(SUMPRODUCT(I10:S10,$I$3:$S$3)/SUM($I$3:$S$3)/5*100+T10,1))) -> 51.1 | X10: =IF(U10="Yes","No","Yes") -> Yes | Y10: =IF(X10="Yes",W10,W10-1000)-ROW()/100000 -> 51.0999 | Z10: =RANK(Y10,$Y$5:$Y$172,0) -> 140 | AA10: =IF(X10="No","Hold – resolve flag",IF(Z10<=Weights!$C$18,"Tier 1 – Flagship launch",IF(OR(Z10<=Weights!$C$19,AF10="Yes"),"Tier 2 – Priority",IF(Z10<=Weights!$C$20,"Tier 3 – Standard rotation","Tier 4 – Reserve")))) -> Tier 4 – Reserve | AB10: Strengths: Specialization 5/5, Employment after training 4/5. Data Science & AI (T5) track, cohort 2021; timing dated by year only. Weak on: Promotion, Career transition. | AC10: التحاق بقطاع البحث والتطوير في سدايا مهندسةَ أبحاث بدوام كامل في نوفمبر 2021 — داخل نافذة الأربعة عشر شهرًا حتى بأشد قراءات تاريخ الإتمام. | AD10: Clear draft quote with graduate | AE10: Draft | AF10: No | AG10: =IF(OR(Z10<=Weights!$C$19,AF10="Yes"),Y10,Y10-5000) -> -4948.9001 | AH10: =IF(OR(Z10<=Weights!$C$19,AF10="Yes"),RANK(AG10,$AG$5:$AG$172,0),"")
A11: maram-alfaifi | B11: مرام الفيفي | C11: Maram Alfaifi | D11: شركة TAM للتطوير | E11: مهندسة برمجيات — Engineer II ثم مواقع أعلى | F11: Data Science & AI (T5) | G11: 2022 | H11: 2 | I11: 2 | J11: 4 | K11: 5 | L11: 5 | M11: 4 | N11: 0 | O11: 2 | P11: 3 | Q11: 3.6 | R11: 3.5 | S11: 3 | T11: 0 | U11: No | W11: =MIN(100,MAX(0,ROUND(SUMPRODUCT(I11:S11,$I$3:$S$3)/SUM($I$3:$S$3)/5*100+T11,1))) -> 66.3 | X11: =IF(U11="Yes","No","Yes") -> Yes | Y11: =IF(X11="Yes",W11,W11-1000)-ROW()/100000 -> 66.29989 | Z11: =RANK(Y11,$Y$5:$Y$172,0) -> 36 | AA11: =IF(X11="No","Hold – resolve flag",IF(Z11<=Weights!$C$18,"Tier 1 – Flagship launch",IF(OR(Z11<=Weights!$C$19,AF11="Yes"),"Tier 2 – Priority",IF(Z11<=Weights!$C$20,"Tier 3 – Standard rotation","Tier 4 – Reserve")))) -> Tier 3 – Standard rotation | AB11: Strengths: Employment after training 5/5, Employer / company profile 4/5, Time since training 5/5. Data Science & AI (T5) track, cohort 2022; 2 months to outcome. Weak on: Career transition. | AC11: من المشروع النهائي في المعسكر إلى وظيفة Engineer II في TAM خلال نحو شهرين — أقوى حالة توظيف موثّقة علنيًا في دفعة 2022. | AD11: Clear draft quote with graduate; Replace GitHub avatar with real photo | AE11: Draft | AF11: No | AG11: =IF(OR(Z11<=Weights!$C$19,AF11="Yes"),Y11,Y11-5000) -> -4933.7001 | AH11: =IF(OR(Z11<=Weights!$C$19,AF11="Yes"),RANK(AG11,$AG$5:$AG$172,0),"")
A12: maha-alhazzani | B12: مها الحزاني | C12: Maha AlHazzani | D12: سدايا | E12: عالمة بيانات ومحللة (Data Scientist & Analyst) | F12: AI Summer Champions | G12: 2022 | H12: n/a | I12: 5 | J12: 3 | K12: 2 | L12: 4 | M12: 0 | N12: 0 | O12: 2 | P12: 2.2 | Q12: 4.3 | R12: 1.8 | S12: 2 | T12: 0 | U12: No | W12: =MIN(100,MAX(0,ROUND(SUMPRODUCT(I12:S12,$I$3:$S$3)/SUM($I$3:$S$3)/5*100+T12,1))) -> 49.4 | X12: =IF(U12="Yes","No","Yes") -> Yes | Y12: =IF(X12="Yes",W12,W12-1000)-ROW()/100000 -> 49.39988 | Z12: =RANK(Y12,$Y$5:$Y$172,0) -> 146 | AA12: =IF(X12="No","Hold – resolve flag",IF(Z12<=Weights!$C$18,"Tier 1 – Flagship launch",IF(OR(Z12<=Weights!$C$19,AF12="Yes"),"Tier 2 – Priority",IF(Z12<=Weights!$C$20,"Tier 3 – Standard rotation","Tier 4 – Reserve")))) -> Tier 4 – Reserve | AB12: Strengths: Specialization 5/5, Employment after training 4/5, Story completeness 4.3/5. AI Summer Champions track, cohort 2022; timing dated by year only. Weak on: Promotion, Career transition. | AC12: من متدربة في «أبطال صيف الذكاء الاصطناعي» إلى وظيفة دائمة في سدايا — كل ذلك خلال عام 2022. | AD12: Clear draft quote with graduate; Confirm month-level date | AE12: Draft | AF12: No | AG12: =IF(OR(Z12<=Weights!$C$19,AF12="Yes"),Y12,Y12-5000) -> -4950.6001 | AH12: =IF(OR(Z12<=Weights!$C$19,AF12="Yes"),RANK(AG12,$AG$5:$AG$172,0),"")
A13: soaad-aljafr | B13: سعاد الجعفر | C13: Soaad Aljafr | D13: وزارة الصحة | E13: عالمة بيانات (Data Scientist) | F13: Data Science & AI (T5) | G13: 2022 | H13: n/a | I13: 5 | J13: 5 | K13: 2 | L13: 5 | M13: 0 | N13: 0 | O13: 2 | P13: 3 | Q13: 3.6 | R13: 1.8 | S13: 3 | T13: 0 | U13: No | W13: =MIN(100,MAX(0,ROUND(SUMPRODUCT(I13:S13,$I$3:$S$3)/SUM($I$3:$S$3)/5*100+T13,1))) -> 58 | X13: =IF(U13="Yes","No","Yes") -> Yes | Y13: =IF(X13="Yes",W13,W13-1000)-ROW()/100000 -> 57.99987 | Z13: =RANK(Y13,$Y$5:$Y$172,0) -> 99 | AA13: =IF(X13="No","Hold – resolve flag",IF(Z13<=Weights!$C$18,"Tier 1 – Flagship launch",IF(OR(Z13<=Weights!$C$19,AF13="Yes"),"Tier 2 – Priority",IF(Z13<=Weights!$C$20,"Tier 3 – Standard rotation","Tier 4 – Reserve")))) -> Tier 4 – Reserve | AB13: Strengths: Employer / company profile 5/5, Employment after training 5/5, Specialization 5/5. Data Science & AI (T5) track, cohort 2022; timing dated by year only. Weak on: Promotion, Career transition. | AC13: انتقال مباشر من معسكر T5 إلى وظيفة علوم بيانات في وزارة الصحة في السنة نفسها. | AD13: Clear draft quote with graduate; Replace GitHub avatar with real photo; Confirm month-level date | AE13: Draft | AF13: No | AG13: =IF(OR(Z13<=Weights!$C$19,AF13="Yes"),Y13,Y13-5000) -> -4942.0001 | AH13: =IF(OR(Z13<=Weights!$C$19,AF13="Yes"),RANK(AG13,$AG$5:$AG$172,0),"")
A14: taghreed-albaiz | B14: تغريد البعيز | C14: Taghreed Albaiz | D14: تمكين للتقنيات | E14: محللة أمن شبكات — ثم مهندسة أمن سحابي أولى (Senior Cloud Security Engineer) | F14: Data Science & AI (T5) | G14: 2022 | H14: n/a | I14: 4 | J14: 4 | K14: 2 | L14: 5 | M14: 5 | N14: 0 | O14: 3 | P14: 3 | Q14: 3.6 | R14: 1 | S14: 3 | T14: 0 | U14: No | W14: =MIN(100,MAX(0,ROUND(SUMPRODUCT(I14:S14,$I$3:$S$3)/SUM($I$3:$S$3)/5*100+T14,1))) -> 60.6 | X14: =IF(U14="Yes","No","Yes") -> Yes | Y14: =IF(X14="Yes",W14,W14-1000)-ROW()/100000 -> 60.59986 | Z14: =RANK(Y14,$Y$5:$Y$172,0) -> 77 | AA14: =IF(X14="No","Hold – resolve flag",IF(Z14<=Weights!$C$18,"Tier 1 – Flagship launch",IF(OR(Z14<=Weights!$C$19,AF14="Yes"),"Tier 2 – Priority",IF(Z14<=Weights!$C$20,"Tier 3 – Standard rotation","Tier 4 – Reserve")))) -> Tier 3 – Standard rotation | AB14: Strengths: Employment after training 5/5, Employer / company profile 4/5, Promotion 5/5. Data Science & AI (T5) track, cohort 2022; timing dated by year only. Weak on: Career transition, Evidence quality. | AC14: التحاق بتمكين للتقنيات في سنة إتمام المعسكر نفسها (2022) — ثم تدرّج موثّق إلى هندسة الأمن السحابي الأولى. | AD14: Clear draft quote with graduate; Replace GitHub avatar with real photo; Confirm month-level date | AE14: Draft | AF14: No | AG14: =IF(OR(Z14<=Weights!$C$19,AF14="Yes"),Y14,Y14-5000) -> -4939.4001 | AH14: =IF(OR(Z14<=Weights!$C$19,AF14="Yes"),RANK(AG14,$AG$5:$AG$172,0),"")
A15: areej-alshammari | B15: أريج الشمري | C15: Areej Alshammari | D15: سدايا | E15: مهندسة ذكاء اصطناعي | F15: Fresh Graduate Bootcamp | G15: 2023 | H15: n/a | I15: 5 | J15: 3 | K15: 2 | L15: 4 | M15: 0 | N15: 0 | O15: 2 | P15: 2.2 | Q15: 4 | R15: 1.5 | S15: 2 | T15: 0 | U15: No | W15: =MIN(100,MAX(0,ROUND(SUMPRODUCT(I15:S15,$I$3:$S$3)/SUM($I$3:$S$3)/5*100+T15,1))) -> 48 | X15: =IF(U15="Yes","No","Yes") -> Yes | Y15: =IF(X15="Yes",W15,W15-1000)-ROW()/100000 -> 47.99985 | Z15: =RANK(Y15,$Y$5:$Y$172,0) -> 150 | AA15: =IF(X15="No","Hold – resolve flag",IF(Z15<=Weights!$C$18,"Tier 1 – Flagship launch",IF(OR(Z15<=Weights!$C$19,AF15="Yes"),"Tier 2 – Priority",IF(Z15<=Weights!$C$20,"Tier 3 – Standard rotation","Tier 4 – Reserve")))) -> Tier 4 – Reserve | AB15: Strengths: Specialization 5/5, Employment after training 4/5, Story completeness 4/5. Fresh Graduate Bootcamp track, cohort 2023; timing dated by year only. Weak on: Promotion, Career transition. | AC15: ثلاثية مكتملة في سنة واحدة: بكالوريوس، ومعسكر، وتوظيف مهندسةً للذكاء الاصطناعي في سدايا نفسها — كله في 2023. | AD15: Clear draft quote with graduate; Confirm month-level date | AE15: Draft | AF15: No | AG15: =IF(OR(Z15<=Weights!$C$19,AF15="Yes"),Y15,Y15-5000) -> -4952.0001 | AH15: =IF(OR(Z15<=Weights!$C$19,AF15="Yes"),RANK(AG15,$AG$5:$AG$172,0),"")
A16: abdulrahman-alqannas | B16: عبدالرحمن القناص | C16: Abdulrahman Alqannas | D16: شركة علم | E16: قائد الذكاء الاصطناعي (Artificial Intelligence Lead) | F16: LLM | G16: 2023 | H16: 11 | I16: 2 | J16: 5 | K16: 1 | L16: 5 | M16: 5 | N16: 0 | O16: 3 | P16: 3.5 | Q16: 5 | R16: 4.2 | S16: 5 | T16: 0 | U16: No | W16: =MIN(100,MAX(0,ROUND(SUMPRODUCT(I16:S16,$I$3:$S$3)/SUM($I$3:$S$3)/5*100+T16,1))) -> 74 | X16: =IF(U16="Yes","No","Yes") -> Yes | Y16: =IF(X16="Yes",W16,W16-1000)-ROW()/100000 -> 73.99984 | Z16: =RANK(Y16,$Y$5:$Y$172,0) -> 6 | AA16: =IF(X16="No","Hold – resolve flag",IF(Z16<=Weights!$C$18,"Tier 1 – Flagship launch",IF(OR(Z16<=Weights!$C$19,AF16="Yes"),"Tier 2 – Priority",IF(Z16<=Weights!$C$20,"Tier 3 – Standard rotation","Tier 4 – Reserve")))) -> Tier 1 – Flagship launch | AB16: Strengths: Evidence quality 4.2/5, Employer / company profile 5/5, Employment after training 5/5. LLM track, cohort 2023; 11 months to outcome. Weak on: Time since training, Career transition. | AC16: ترقية إلى «قائد الذكاء الاصطناعي» في شركة علم في نوفمبر 2024 — بعد أحد عشر شهرًا من نيله شهادة ممارس النماذج اللغوية الكبيرة. | AD16: Ready | AE16: Verified | AF16: Yes | AG16: =IF(OR(Z16<=Weights!$C$19,AF16="Yes"),Y16,Y16-5000) -> 73.99984 | AH16: =IF(OR(Z16<=Weights!$C$19,AF16="Yes"),RANK(AG16,$AG$5:$AG$172,0),"") -> 6
A17: asma-alzahrani | B17: أسماء الزهراني | C17: Asma Alzahrani | D17: سدايا | E17: من التدريب التعاوني إلى وظيفة في سدايا | F17: LLM | G17: 2023 | H17: n/a | I17: 2 | J17: 3 | K17: 2 | L17: 4 | M17: 0 | N17: 0 | O17: 5 | P17: 4.2 | Q17: 3 | R17: 1.5 | S17: 4 | T17: 0 | U17: No | W17: =MIN(100,MAX(0,ROUND(SUMPRODUCT(I17:S17,$I$3:$S$3)/SUM($I$3:$S$3)/5*100+T17,1))) -> 54 | X17: =IF(U17="Yes","No","Yes") -> Yes | Y17: =IF(X17="Yes",W17,W17-1000)-ROW()/100000 -> 53.99983 | Z17: =RANK(Y17,$Y$5:$Y$172,0) -> 129 | AA17: =IF(X17="No","Hold – resolve flag",IF(Z17<=Weights!$C$18,"Tier 1 – Flagship launch",IF(OR(Z17<=Weights!$C$19,AF17="Yes"),"Tier 2 – Priority",IF(Z17<=Weights!$C$20,"Tier 3 – Standard rotation","Tier 4 – Reserve")))) -> Tier 4 – Reserve | AB17: Strengths: Measurable impact 5/5, Employment after training 4/5, Achievements 4.2/5. LLM track, cohort 2023; timing dated by year only. Weak on: Promotion, Career transition. | AC17: «بـ2023 التدريب التعاوني في سدايا، وفي 2024 صرت موظفة فيها» — الدائرة تكتمل بمنشورها العلني. | AD17: Clear draft quote with graduate; Replace low-res photo; Confirm month-level date | AE17: Draft | AF17: No | AG17: =IF(OR(Z17<=Weights!$C$19,AF17="Yes"),Y17,Y17-5000) -> -4946.0002 | AH17: =IF(OR(Z17<=Weights!$C$19,AF17="Yes"),RANK(AG17,$AG$5:$AG$172,0),"")
A18: hamad-alyemni | B18: حمد اليمني | C18: Hamad Alyemni | D18: جامعة الإمام عبدالرحمن بن فيصل | E18: مهندس تطبيقات — أول توظيف في سنة المعسكر نفسها، ثم مهندس ذكاء اصطناعي | F18: Data Science & AI (T5) | G18: 2023 | H18: n/a | I18: 5 | J18: 4 | K18: 2 | L18: 5 | M18: 3 | N18: 0 | O18: 3 | P18: 3 | Q18: 5 | R18: 1.8 | S18: 3 | T18: 0 | U18: No | W18: =MIN(100,MAX(0,ROUND(SUMPRODUCT(I18:S18,$I$3:$S$3)/SUM($I$3:$S$3)/5*100+T18,1))) -> 64 | X18: =IF(U18="Yes","No","Yes") -> Yes | Y18: =IF(X18="Yes",W18,W18-1000)-ROW()/100000 -> 63.99982 | Z18: =RANK(Y18,$Y$5:$Y$172,0) -> 51 | AA18: =IF(X18="No","Hold – resolve flag",IF(Z18<=Weights!$C$18,"Tier 1 – Flagship launch",IF(OR(Z18<=Weights!$C$19,AF18="Yes"),"Tier 2 – Priority",IF(Z18<=Weights!$C$20,"Tier 3 – Standard rotation","Tier 4 – Reserve")))) -> Tier 3 – Standard rotation | AB18: Strengths: Employment after training 5/5, Employer / company profile 4/5, Specialization 5/5. Data Science & AI (T5) track, cohort 2023; timing dated by year only. Weak on: Career transition. | AC18: أول توظيف مهندسَ تطبيقات في سنة المعسكر نفسها (2023) — ومشروع تخرج طبي مفتوح المصدر بخمسة نماذج تعلم آلي. | AD18: Clear draft quote with graduate; Confirm month-level date | AE18: Draft | AF18: No | AG18: =IF(OR(Z18<=Weights!$C$19,AF18="Yes"),Y18,Y18-5000) -> -4936.0002 | AH18: =IF(OR(Z18<=Weights!$C$19,AF18="Yes"),RANK(AG18,$AG$5:$AG$172,0),"")
A19: hessa-alrasheed | B19: حصة الرشيد | C19: Hessa AlRasheed | D19: مجموعة ريناد المجد لتقنية المعلومات RMG | E19: محللة بيانات (Data Analyst) | F19: Data Science & AI (T5) | G19: 2023 | H19: 2 | I19: 4 | J19: 2 | K19: 5 | L19: 5 | M19: 0 | N19: 0 | O19: 2 | P19: 3 | Q19: 4 | R19: 2.5 | S19: 3 | T19: 0 | U19: No | W19: =MIN(100,MAX(0,ROUND(SUMPRODUCT(I19:S19,$I$3:$S$3)/SUM($I$3:$S$3)/5*100+T19,1))) -> 56.7 | X19: =IF(U19="Yes","No","Yes") -> Yes | Y19: =IF(X19="Yes",W19,W19-1000)-ROW()/100000 -> 56.69981 | Z19: =RANK(Y19,$Y$5:$Y$172,0) -> 107 | AA19: =IF(X19="No","Hold – resolve flag",IF(Z19<=Weights!$C$18,"Tier 1 – Flagship launch",IF(OR(Z19<=Weights!$C$19,AF19="Yes"),"Tier 2 – Priority",IF(Z19<=Weights!$C$20,"Tier 3 – Standard rotation","Tier 4 – Reserve")))) -> Tier 4 – Reserve | AB19: Strengths: Employment after training 5/5, Time since training 5/5, Specialization 4/5. Data Science & AI (T5) track, cohort 2023; 2 months to outcome. Weak on: Promotion, Career transition. | AC19: شهران فقط بين إتمام المعسكر في ديسمبر 2023 والالتحاق بوظيفة محللة بيانات في فبراير 2024. | AD19: Clear draft quote with graduate; Replace GitHub avatar with real photo | AE19: Draft | AF19: No | AG19: =IF(OR(Z19<=Weights!$C$19,AF19="Yes"),Y19,Y19-5000) -> -4943.3002 | AH19: =IF(OR(Z19<=Weights!$C$19,AF19="Yes"),RANK(AG19,$AG$5:$AG$172,0),"")
A20: raghad-alqobali | B20: رغد القبالي | C20: Raghad Alqobali | D20: سدايا | E20: باحثة ومهندسة ذكاء اصطناعي | F20: LLM | G20: 2023 | H20: n/a | I20: 5 | J20: 3 | K20: 2 | L20: 4 | M20: 0 | N20: 0 | O20: 5 | P20: 5 | Q20: 4 | R20: 4.8 | S20: 5 | T20: 0 | U20: No | W20: =MIN(100,MAX(0,ROUND(SUMPRODUCT(I20:S20,$I$3:$S$3)/SUM($I$3:$S$3)/5*100+T20,1))) -> 73.2 | X20: =IF(U20="Yes","No","Yes") -> Yes | Y20: =IF(X20="Yes",W20,W20-1000)-ROW()/100000 -> 73.1998 | Z20: =RANK(Y20,$Y$5:$Y$172,0) -> 7 | AA20: =IF(X20="No","Hold – resolve flag",IF(Z20<=Weights!$C$18,"Tier 1 – Flagship launch",IF(OR(Z20<=Weights!$C$19,AF20="Yes"),"Tier 2 – Priority",IF(Z20<=Weights!$C$20,"Tier 3 – Standard rotation","Tier 4 – Reserve")))) -> Tier 1 – Flagship launch | AB20: Strengths: Evidence quality 4.8/5, Measurable impact 5/5, Specialization 5/5. LLM track, cohort 2023; timing dated by year only. Weak on: Promotion, Career transition. | AC20: ورقتان محكّمتان بصفتها مؤلفة أولى، وبينهما معسكر الأكاديمية — وانتساب الورقة الثانية مطبوع باسم «الهيئة السعودية للبيانات والذكاء الاصطناعي». | AD20: Clear draft quote with graduate; Replace GitHub avatar with real photo; Confirm month-level date | AE20: Draft | AF20: No | AG20: =IF(OR(Z20<=Weights!$C$19,AF20="Yes"),Y20,Y20-5000) -> 73.1998 | AH20: =IF(OR(Z20<=Weights!$C$19,AF20="Yes"),RANK(AG20,$AG$5:$AG$172,0),"") -> 7
A21: jawaher-albaqami | B21: جواهر البقمي | C21: Jawaher Albaqami | D21: المركز الوطني للذكاء الاصطناعي (NCAI) | E21: مهندسة بيانات (Data Engineer) | F21: Data Science & AI (T5) | G21: 2023 | H21: 3 | I21: 4 | J21: 5 | K21: 4 | L21: 5 | M21: 0 | N21: 0 | O21: 2 | P21: 1.5 | Q21: 3.9 | R21: 3.5 | S21: 3 | T21: 0 | U21: No | W21: =MIN(100,MAX(0,ROUND(SUMPRODUCT(I21:S21,$I$3:$S$3)/SUM($I$3:$S$3)/5*100+T21,1))) -> 62.7 | X21: =IF(U21="Yes","No","Yes") -> Yes | Y21: =IF(X21="Yes",W21,W21-1000)-ROW()/100000 -> 62.69979 | Z21: =RANK(Y21,$Y$5:$Y$172,0) -> 61 | AA21: =IF(X21="No","Hold – resolve flag",IF(Z21<=Weights!$C$18,"Tier 1 – Flagship launch",IF(OR(Z21<=Weights!$C$19,AF21="Yes"),"Tier 2 – Priority",IF(Z21<=Weights!$C$20,"Tier 3 – Standard rotation","Tier 4 – Reserve")))) -> Tier 3 – Standard rotation | AB21: Strengths: Employer / company profile 5/5, Employment after training 5/5, Specialization 4/5. Data Science & AI (T5) track, cohort 2023; 3 months to outcome. Weak on: Promotion, Career transition. | AC21: التحاق بالمركز الوطني للذكاء الاصطناعي مهندسةً للبيانات في مارس 2024 — ثلاثة أشهر بعد إتمام معسكر T5. | AD21: Clear draft quote with graduate | AE21: Draft | AF21: No | AG21: =IF(OR(Z21<=Weights!$C$19,AF21="Yes"),Y21,Y21-5000) -> -4937.3002 | AH21: =IF(OR(Z21<=Weights!$C$19,AF21="Yes"),RANK(AG21,$AG$5:$AG$172,0),"")
A22: nasser-alsaqer | B22: ناصر الصقر | C22: Nasser Alsaqer | D22: الهيئة العامة للإحصاء GASTAT | E22: إحصائي (Statistician) | F22: Data Science & AI (T5) | G22: 2024 | H22: n/a | I22: 2 | J22: 5 | K22: 2 | L22: 5 | M22: 0 | N22: 0 | O22: 2 | P22: 2.2 | Q22: 3.4 | R22: 2 | S22: 3 | T22: 0 | U22: No | W22: =MIN(100,MAX(0,ROUND(SUMPRODUCT(I22:S22,$I$3:$S$3)/SUM($I$3:$S$3)/5*100+T22,1))) -> 52.2 | X22: =IF(U22="Yes","No","Yes") -> Yes | Y22: =IF(X22="Yes",W22,W22-1000)-ROW()/100000 -> 52.19978 | Z22: =RANK(Y22,$Y$5:$Y$172,0) -> 136 | AA22: =IF(X22="No","Hold – resolve flag",IF(Z22<=Weights!$C$18,"Tier 1 – Flagship launch",IF(OR(Z22<=Weights!$C$19,AF22="Yes"),"Tier 2 – Priority",IF(Z22<=Weights!$C$20,"Tier 3 – Standard rotation","Tier 4 – Reserve")))) -> Tier 4 – Reserve | AB22: Strengths: Employer / company profile 5/5, Employment after training 5/5. Data Science & AI (T5) track, cohort 2024; timing dated by year only. Weak on: Promotion, Career transition. | AC22: قائد فريق مشروع التخرج RASYD — والتحق بالهيئة العامة للإحصاء في سنة المعسكر نفسها. | AD22: Clear draft quote with graduate; Replace GitHub avatar with real photo; Confirm month-level date | AE22: Draft | AF22: No | AG22: =IF(OR(Z22<=Weights!$C$19,AF22="Yes"),Y22,Y22-5000) -> -4947.8002 | AH22: =IF(OR(Z22<=Weights!$C$19,AF22="Yes"),RANK(AG22,$AG$5:$AG$172,0),"")
A23: maha-alshehri | B23: مها الشهري | C23: Maha Alshehri | D23: سدايا | E23: مطوّرة برمجيات | F23: Data Management | G23: 2024 | H23: n/a | I23: 2 | J23: 3 | K23: 2 | L23: 4 | M23: 0 | N23: 0 | O23: 2 | P23: 2.2 | Q23: 4 | R23: 1.5 | S23: 2 | T23: 0 | U23: No | W23: =MIN(100,MAX(0,ROUND(SUMPRODUCT(I23:S23,$I$3:$S$3)/SUM($I$3:$S$3)/5*100+T23,1))) -> 43.2 | X23: =IF(U23="Yes","No","Yes") -> Yes | Y23: =IF(X23="Yes",W23,W23-1000)-ROW()/100000 -> 43.19977 | Z23: =RANK(Y23,$Y$5:$Y$172,0) -> 152 | AA23: =IF(X23="No","Hold – resolve flag",IF(Z23<=Weights!$C$18,"Tier 1 – Flagship launch",IF(OR(Z23<=Weights!$C$19,AF23="Yes"),"Tier 2 – Priority",IF(Z23<=Weights!$C$20,"Tier 3 – Standard rotation","Tier 4 – Reserve")))) -> Tier 4 – Reserve | AB23: Strengths: Employment after training 4/5, Story completeness 4/5. Data Management track, cohort 2024; timing dated by year only. Weak on: Promotion, Career transition. | AC23: من معسكر حوكمة البيانات إلى تطوير البرمجيات داخل سدايا — في سنة المعسكر نفسها. | AD23: Clear draft quote with graduate; Confirm month-level date | AE23: Draft | AF23: No | AG23: =IF(OR(Z23<=Weights!$C$19,AF23="Yes"),Y23,Y23-5000) -> -4956.8002 | AH23: =IF(OR(Z23<=Weights!$C$19,AF23="Yes"),RANK(AG23,$AG$5:$AG$172,0),"")
A24: hajar-alshehri | B24: هاجر الشهري | C24: Hajar Alshehri | D24: سدايا | E24: مهندسة ذكاء اصطناعي | F24: Academy training | G24: 2024 | H24: n/a | I24: 5 | J24: 3 | K24: 2 | L24: 4 | M24: 0 | N24: 0 | O24: 2 | P24: 2.2 | Q24: 4 | R24: 1.5 | S24: 1 | T24: 0 | U24: No | W24: =MIN(100,MAX(0,ROUND(SUMPRODUCT(I24:S24,$I$3:$S$3)/SUM($I$3:$S$3)/5*100+T24,1))) -> 46.4 | X24: =IF(U24="Yes","No","Yes") -> Yes | Y24: =IF(X24="Yes",W24,W24-1000)-ROW()/100000 -> 46.39976 | Z24: =RANK(Y24,$Y$5:$Y$172,0) -> 151 | AA24: =IF(X24="No","Hold – resolve flag",IF(Z24<=Weights!$C$18,"Tier 1 – Flagship launch",IF(OR(Z24<=Weights!$C$19,AF24="Yes"),"Tier 2 – Priority",IF(Z24<=Weights!$C$20,"Tier 3 – Standard rotation","Tier 4 – Reserve")))) -> Tier 4 – Reserve | AB24: Strengths: Specialization 5/5, Employment after training 4/5, Story completeness 4/5. Academy training track, cohort 2024; timing dated by year only. Weak on: Promotion, Career transition. | AC24: من التدريب إلى التوظيف داخل سدايا في السنة نفسها — الدائرة تكتمل مرة أخرى. | AD24: Clear draft quote with graduate; Confirm month-level date | AE24: Draft | AF24: No | AG24: =IF(OR(Z24<=Weights!$C$19,AF24="Yes"),Y24,Y24-5000) -> -4953.6002 | AH24: =IF(OR(Z24<=Weights!$C$19,AF24="Yes"),RANK(AG24,$AG$5:$AG$172,0),"")
A25: khalid-alduwaysan | B25: خالد الدويسان | C25: Khalid Alduwaysan | D25: أكاديمية الملك سلمان العالمية للغة العربية | E25: مطوّر ذكاء اصطناعي ثم مهندس بيانات في جهة حكومية | F25: Data Science & AI (T5) | G25: 2024 | H25: 3 | I25: 5 | J25: 4 | K25: 4 | L25: 5 | M25: 0 | N25: 0 | O25: 2 | P25: 3 | Q25: 5 | R25: 3.5 | S25: 3 | T25: 0 | U25: No | W25: =MIN(100,MAX(0,ROUND(SUMPRODUCT(I25:S25,$I$3:$S$3)/SUM($I$3:$S$3)/5*100+T25,1))) -> 66.1 | X25: =IF(U25="Yes","No","Yes") -> Yes | Y25: =IF(X25="Yes",W25,W25-1000)-ROW()/100000 -> 66.09975 | Z25: =RANK(Y25,$Y$5:$Y$172,0) -> 37 | AA25: =IF(X25="No","Hold – resolve flag",IF(Z25<=Weights!$C$18,"Tier 1 – Flagship launch",IF(OR(Z25<=Weights!$C$19,AF25="Yes"),"Tier 2 – Priority",IF(Z25<=Weights!$C$20,"Tier 3 – Standard rotation","Tier 4 – Reserve")))) -> Tier 3 – Standard rotation | AB25: Strengths: Employment after training 5/5, Employer / company profile 4/5, Specialization 5/5. Data Science & AI (T5) track, cohort 2024; 3 months to outcome. Weak on: Promotion, Career transition. | AC25: من التخرج إلى وظيفة «مطوّر ذكاء اصطناعي» خلال نحو ثلاثة أشهر موثّقة بالتواريخ — أقوى حالة في القاعدة كلها. | AD25: Clear draft quote with graduate | AE25: Draft | AF25: No | AG25: =IF(OR(Z25<=Weights!$C$19,AF25="Yes"),Y25,Y25-5000) -> -4933.9002 | AH25: =IF(OR(Z25<=Weights!$C$19,AF25="Yes"),RANK(AG25,$AG$5:$AG$172,0),"")
A26: rana-alharsan | B26: رنا الحرصان | C26: Rana al-Harsan | D26: فضاء أجا لتقنية المعلومات | E26: مشروع «رَكَّن» — ضمن أفضل المشاريع من بين 50 | F26: Data Science & AI (T5) | G26: 2024 | H26: n/a | I26: 2 | J26: 2 | K26: 2 | L26: 5 | M26: 0 | N26: 0 | O26: 2 | P26: 4.2 | Q26: 4 | R26: 3.8 | S26: 3 | T26: 0 | U26: No | W26: =MIN(100,MAX(0,ROUND(SUMPRODUCT(I26:S26,$I$3:$S$3)/SUM($I$3:$S$3)/5*100+T26,1))) -> 54.5 | X26: =IF(U26="Yes","No","Yes") -> Yes | Y26: =IF(X26="Yes",W26,W26-1000)-ROW()/100000 -> 54.49974 | Z26: =RANK(Y26,$Y$5:$Y$172,0) -> 128 | AA26: =IF(X26="No","Hold – resolve flag",IF(Z26<=Weights!$C$18,"Tier 1 – Flagship launch",IF(OR(Z26<=Weights!$C$19,AF26="Yes"),"Tier 2 – Priority",IF(Z26<=Weights!$C$20,"Tier 3 – Standard rotation","Tier 4 – Reserve")))) -> Tier 4 – Reserve | AB26: Strengths: Employment after training 5/5, Achievements 4.2/5, Story completeness 4/5. Data Science & AI (T5) track, cohort 2024; timing dated by year only. Weak on: Promotion, Career transition. | AC26: ضمن دفعة الـ194 التي خرّجتها سدايا رسميًا بتوثيق واس، ومشروعها «رَكَّن» عُرض في حفل التخرج ضمن الأفضل. | AD26: Clear draft quote with graduate; Confirm month-level date | AE26: Draft | AF26: No | AG26: =IF(OR(Z26<=Weights!$C$19,AF26="Yes"),Y26,Y26-5000) -> -4945.5003 | AH26: =IF(OR(Z26<=Weights!$C$19,AF26="Yes"),RANK(AG26,$AG$5:$AG$172,0),"")
A27: majd-alotaibi | B27: مجد العتيبي | C27: Majd Alotaibi | D27: جاهز (Jahez) | E27: عالم بيانات (Data Scientist) | F27: Data Science & AI (T5) | G27: 2024 | H27: 8 | I27: 5 | J27: 4 | K27: 2 | L27: 5 | M27: 0 | N27: 0 | O27: 2 | P27: 2.2 | Q27: 4.3 | R27: 3.8 | S27: 3 | T27: 0 | U27: No | W27: =MIN(100,MAX(0,ROUND(SUMPRODUCT(I27:S27,$I$3:$S$3)/SUM($I$3:$S$3)/5*100+T27,1))) -> 61.4 | X27: =IF(U27="Yes","No","Yes") -> Yes | Y27: =IF(X27="Yes",W27,W27-1000)-ROW()/100000 -> 61.39973 | Z27: =RANK(Y27,$Y$5:$Y$172,0) -> 71 | AA27: =IF(X27="No","Hold – resolve flag",IF(Z27<=Weights!$C$18,"Tier 1 – Flagship launch",IF(OR(Z27<=Weights!$C$19,AF27="Yes"),"Tier 2 – Priority",IF(Z27<=Weights!$C$20,"Tier 3 – Standard rotation","Tier 4 – Reserve")))) -> Tier 3 – Standard rotation | AB27: Strengths: Employment after training 5/5, Employer / company profile 4/5, Specialization 5/5. Data Science & AI (T5) track, cohort 2024; 8 months to outcome. Weak on: Promotion, Career transition. | AC27: التحاق بجاهز «عالم بيانات» بدوام كامل في يونيو 2025 — بعد ثمانية أشهر من إتمام المعسكر. | AD27: Clear draft quote with graduate | AE27: Draft | AF27: No | AG27: =IF(OR(Z27<=Weights!$C$19,AF27="Yes"),Y27,Y27-5000) -> -4938.6003 | AH27: =IF(OR(Z27<=Weights!$C$19,AF27="Yes"),RANK(AG27,$AG$5:$AG$172,0),"")
A28: yazeed-alshurify | B28: يزيد الشريف | C28: Yazeed Alshurify | D28: شركة فتيل | E28: محلل أنظمة أعمال — أول توظيف في سنة المعسكر نفسها، ثم مدير مشاريع في هواوي | F28: Data Science & AI (T5) | G28: 2024 | H28: n/a | I28: 2 | J28: 2 | K28: 2 | L28: 5 | M28: 5 | N28: 0 | O28: 3 | P28: 2.2 | Q28: 4.3 | R28: 1 | S28: 3 | T28: 0 | U28: No | W28: =MIN(100,MAX(0,ROUND(SUMPRODUCT(I28:S28,$I$3:$S$3)/SUM($I$3:$S$3)/5*100+T28,1))) -> 52.4 | X28: =IF(U28="Yes","No","Yes") -> Yes | Y28: =IF(X28="Yes",W28,W28-1000)-ROW()/100000 -> 52.39972 | Z28: =RANK(Y28,$Y$5:$Y$172,0) -> 133 | AA28: =IF(X28="No","Hold – resolve flag",IF(Z28<=Weights!$C$18,"Tier 1 – Flagship launch",IF(OR(Z28<=Weights!$C$19,AF28="Yes"),"Tier 2 – Priority",IF(Z28<=Weights!$C$20,"Tier 3 – Standard rotation","Tier 4 – Reserve")))) -> Tier 2 – Priority | AB28: Strengths: Employment after training 5/5, Promotion 5/5, Story completeness 4.3/5. Data Science & AI (T5) track, cohort 2024; timing dated by year only. Weak on: Career transition, Evidence quality. | AC28: أول توظيف محللَ أنظمة أعمال في سنة المعسكر نفسها (2024) — ثم انتقال لاحق إلى هواوي وإدارة المشاريع. | AD28: Clear draft quote with graduate; Confirm month-level date | AE28: Draft | AF28: Yes | AG28: =IF(OR(Z28<=Weights!$C$19,AF28="Yes"),Y28,Y28-5000) -> 52.39972 | AH28: =IF(OR(Z28<=Weights!$C$19,AF28="Yes"),RANK(AG28,$AG$5:$AG$172,0),"") -> 59
A29: fares-altoukhi | B29: فارس الطوخي | C29: Fares Altoukhi | D29: غير معلنة | E29: مطوّر نماذج لغوية عربية مفتوحة المصدر | F29: Data Science & AI (T5) | G29: 2024 | H29: n/a | I29: 5 | J29: 0 | K29: 2 | L29: 0 | M29: 0 | N29: 0 | O29: 4 | P29: 3 | Q29: 4.2 | R29: 3.2 | S29: 3 | T29: 0 | U29: Yes | V29: Employer undisclosed | W29: =MIN(100,MAX(0,ROUND(SUMPRODUCT(I29:S29,$I$3:$S$3)/SUM($I$3:$S$3)/5*100+T29,1))) -> 45.1 | X29: =IF(U29="Yes","No","Yes") -> No | Y29: =IF(X29="Yes",W29,W29-1000)-ROW()/100000 -> -954.90029 | Z29: =RANK(Y29,$Y$5:$Y$172,0) -> 165 | AA29: =IF(X29="No","Hold – resolve flag",IF(Z29<=Weights!$C$18,"Tier 1 – Flagship launch",IF(OR(Z29<=Weights!$C$19,AF29="Yes"),"Tier 2 – Priority",IF(Z29<=Weights!$C$20,"Tier 3 – Standard rotation","Tier 4 – Reserve")))) -> Hold – resolve flag | AB29: Strengths: Specialization 5/5, Measurable impact 4/5, Story completeness 4.2/5. Data Science & AI (T5) track, cohort 2024; timing dated by year only. Weak on: Employer / company profile, Employment after training. Held: Employer undisclosed. | AC29: أغنى سجل مساهمات مفتوحة المصدر في العيّنة كلها: ثلاثة نماذج عربية منشورة على Hugging Face وخدمة استدلال حيّة على Google Cloud Run. | AD29: Clear draft quote with graduate; Confirm month-level date | AE29: Draft | AF29: No | AG29: =IF(OR(Z29<=Weights!$C$19,AF29="Yes"),Y29,Y29-5000) -> -5954.9003 | AH29: =IF(OR(Z29<=Weights!$C$19,AF29="Yes"),RANK(AG29,$AG$5:$AG$172,0),"")
A30: mohammed-almalki | B30: محمد المالكي | C30: Mohammed Al Malki | D30: غير معلنة | E30: صاحب مشروع ADEL — الأعلى تقييمًا في الدفعة | F30: Data Science & AI (T5) | G30: 2024 | H30: n/a | I30: 4 | J30: 0 | K30: 2 | L30: 2 | M30: 0 | N30: 0 | O30: 4 | P30: 3 | Q30: 3.9 | R30: 4 | S30: 3 | T30: 0 | U30: Yes | V30: Employer undisclosed | W30: =MIN(100,MAX(0,ROUND(SUMPRODUCT(I30:S30,$I$3:$S$3)/SUM($I$3:$S$3)/5*100+T30,1))) -> 49.4 | X30: =IF(U30="Yes","No","Yes") -> No | Y30: =IF(X30="Yes",W30,W30-1000)-ROW()/100000 -> -950.6003 | Z30: =RANK(Y30,$Y$5:$Y$172,0) -> 162 | AA30: =IF(X30="No","Hold – resolve flag",IF(Z30<=Weights!$C$18,"Tier 1 – Flagship launch",IF(OR(Z30<=Weights!$C$19,AF30="Yes"),"Tier 2 – Priority",IF(Z30<=Weights!$C$20,"Tier 3 – Standard rotation","Tier 4 – Reserve")))) -> Hold – resolve flag | AB30: Strengths: Evidence quality 4/5, Measurable impact 4/5, Specialization 4/5. Data Science & AI (T5) track, cohort 2024; timing dated by year only. Weak on: Employer / company profile, Promotion. Held: Employer undisclosed. | AC30: مشروع ADEL للإشارات المرورية الذكية حاز أعلى تقييم في الدفعة (88/100)، ونُشر تطبيقًا حيًّا يعمل على Hugging Face. | AD30: Clear draft quote with graduate; Confirm month-level date | AE30: Draft | AF30: No | AG30: =IF(OR(Z30<=Weights!$C$19,AF30="Yes"),Y30,Y30-5000) -> -5950.6003 | AH30: =IF(OR(Z30<=Weights!$C$19,AF30="Yes"),RANK(AG30,$AG$5:$AG$172,0),"")
A31: lena-alenazi | B31: لينا العنزي | C31: Lena Alenazi | D31: مركز «ذكاء» — منشآت | E31: محللة ومهندسة بيانات وذكاء اصطناعي | F31: Data Science & AI (T5) | G31: 2024 | H31: n/a | I31: 5 | J31: 4 | K31: 2 | L31: 0 | M31: 0 | N31: 0 | O31: 4 | P31: 5 | Q31: 4 | R31: 4.2 | S31: 4 | T31: 0 | U31: No | W31: =MIN(100,MAX(0,ROUND(SUMPRODUCT(I31:S31,$I$3:$S$3)/SUM($I$3:$S$3)/5*100+T31,1))) -> 62.2 | X31: =IF(U31="Yes","No","Yes") -> Yes | Y31: =IF(X31="Yes",W31,W31-1000)-ROW()/100000 -> 62.19969 | Z31: =RANK(Y31,$Y$5:$Y$172,0) -> 63 | AA31: =IF(X31="No","Hold – resolve flag",IF(Z31<=Weights!$C$18,"Tier 1 – Flagship launch",IF(OR(Z31<=Weights!$C$19,AF31="Yes"),"Tier 2 – Priority",IF(Z31<=Weights!$C$20,"Tier 3 – Standard rotation","Tier 4 – Reserve")))) -> Tier 3 – Standard rotation | AB31: Strengths: Evidence quality 4.2/5, Employer / company profile 4/5, Specialization 5/5. Data Science & AI (T5) track, cohort 2024; timing dated by year only. Weak on: Employment after training, Promotion. | AC31: جائزة مركز «ذكاء» التابع لمنشآت عن مشروع CLQC لتصنيف أمراض أوراق البُن — ومشروع ثانٍ ضمن أفضل ثلاثة مشاريع في المعسكر. | AD31: Clear draft quote with graduate; Replace GitHub avatar with real photo; Confirm month-level date | AE31: Draft | AF31: No | AG31: =IF(OR(Z31<=Weights!$C$19,AF31="Yes"),Y31,Y31-5000) -> -4937.8003 | AH31: =IF(OR(Z31<=Weights!$C$19,AF31="Yes"),RANK(AG31,$AG$5:$AG$172,0),"")
A32: rahaf-almutairi | B32: رهف المطيري | C32: Rahaf Almutairi | D32: وزارة المالية | E32: أخصائية علوم بيانات (Data Science Specialist) | F32: Data Science & AI (T5) | G32: 2024 | H32: 11 | I32: 5 | J32: 5 | K32: 1 | L32: 5 | M32: 0 | N32: 0 | O32: 2 | P32: 1.5 | Q32: 3.9 | R32: 3.5 | S32: 3 | T32: 0 | U32: No | W32: =MIN(100,MAX(0,ROUND(SUMPRODUCT(I32:S32,$I$3:$S$3)/SUM($I$3:$S$3)/5*100+T32,1))) -> 59.5 | X32: =IF(U32="Yes","No","Yes") -> Yes | Y32: =IF(X32="Yes",W32,W32-1000)-ROW()/100000 -> 59.49968 | Z32: =RANK(Y32,$Y$5:$Y$172,0) -> 86 | AA32: =IF(X32="No","Hold – resolve flag",IF(Z32<=Weights!$C$18,"Tier 1 – Flagship launch",IF(OR(Z32<=Weights!$C$19,AF32="Yes"),"Tier 2 – Priority",IF(Z32<=Weights!$C$20,"Tier 3 – Standard rotation","Tier 4 – Reserve")))) -> Tier 4 – Reserve | AB32: Strengths: Employer / company profile 5/5, Employment after training 5/5, Specialization 5/5. Data Science & AI (T5) track, cohort 2024; 11 months to outcome. Weak on: Time since training, Promotion. | AC32: التحاق بوزارة المالية أخصائيةً لعلوم البيانات في سبتمبر 2025 — أحد عشر شهرًا بعد الإتمام، داخل النافذة. | AD32: Clear draft quote with graduate | AE32: Draft | AF32: No | AG32: =IF(OR(Z32<=Weights!$C$19,AF32="Yes"),Y32,Y32-5000) -> -4940.5003 | AH32: =IF(OR(Z32<=Weights!$C$19,AF32="Yes"),RANK(AG32,$AG$5:$AG$172,0),"")
A33: reem-albalawi | B33: ريم البلوي | C33: Reem Albalawi | D33: ATS Travel | E33: محللة بيانات أعمال (Business Data Analyst) | F33: Data Science & AI (T5) | G33: 2024 | H33: 6 | I33: 4 | J33: 2 | K33: 3 | L33: 5 | M33: 0 | N33: 5 | O33: 2 | P33: 2.2 | Q33: 2.8 | R33: 3.8 | S33: 3 | T33: 0 | U33: No | W33: =MIN(100,MAX(0,ROUND(SUMPRODUCT(I33:S33,$I$3:$S$3)/SUM($I$3:$S$3)/5*100+T33,1))) -> 60.2 | X33: =IF(U33="Yes","No","Yes") -> Yes | Y33: =IF(X33="Yes",W33,W33-1000)-ROW()/100000 -> 60.19967 | Z33: =RANK(Y33,$Y$5:$Y$172,0) -> 78 | AA33: =IF(X33="No","Hold – resolve flag",IF(Z33<=Weights!$C$18,"Tier 1 – Flagship launch",IF(OR(Z33<=Weights!$C$19,AF33="Yes"),"Tier 2 – Priority",IF(Z33<=Weights!$C$20,"Tier 3 – Standard rotation","Tier 4 – Reserve")))) -> Tier 3 – Standard rotation | AB33: Strengths: Employment after training 5/5, Specialization 4/5, Career transition 5/5. Data Science & AI (T5) track, cohort 2024; 6 months to outcome. Weak on: Promotion. | AC33: توظيف محللةَ بيانات أعمال بدوام كامل في ATS Travel من أبريل 2025 — بعد ستة أشهر من إتمام المعسكر. | AD33: Clear draft quote with graduate; Source photo | AE33: Draft | AF33: No | AG33: =IF(OR(Z33<=Weights!$C$19,AF33="Yes"),Y33,Y33-5000) -> -4939.8003 | AH33: =IF(OR(Z33<=Weights!$C$19,AF33="Yes"),RANK(AG33,$AG$5:$AG$172,0),"")
A34: faris-almuteri | B34: فارس المطيري | C34: Faris Al Muteri | D34: مركز الملك عبدالله العالمي للأبحاث الطبية KAIMRC | E34: مسؤول قواعد بيانات (Database Administrator) — بعد محلل مبرمج أول | F34: Advanced AI Pathways | G34: 2024 | H34: 7 | I34: 4 | J34: 5 | K34: 3 | L34: 3 | M34: 3 | N34: 0 | O34: 3 | P34: 2.2 | Q34: 4.8 | R34: 3.8 | S34: 4 | T34: 0 | U34: No | W34: =MIN(100,MAX(0,ROUND(SUMPRODUCT(I34:S34,$I$3:$S$3)/SUM($I$3:$S$3)/5*100+T34,1))) -> 68.4 | X34: =IF(U34="Yes","No","Yes") -> Yes | Y34: =IF(X34="Yes",W34,W34-1000)-ROW()/100000 -> 68.39966 | Z34: =RANK(Y34,$Y$5:$Y$172,0) -> 24 | AA34: =IF(X34="No","Hold – resolve flag",IF(Z34<=Weights!$C$18,"Tier 1 – Flagship launch",IF(OR(Z34<=Weights!$C$19,AF34="Yes"),"Tier 2 – Priority",IF(Z34<=Weights!$C$20,"Tier 3 – Standard rotation","Tier 4 – Reserve")))) -> Tier 2 – Priority | AB34: Strengths: Employer / company profile 5/5, Story completeness 4.8/5, Specialization 4/5. Advanced AI Pathways track, cohort 2024; 7 months to outcome. Weak on: Career transition. | AC34: انتقال داخلي إلى دور بيانات: من محلل مبرمج أول إلى مسؤول قواعد بيانات في كيمارك من يوليو 2025 — بعد سبعة أشهر من إتمام البرنامج. | AD34: Clear draft quote with graduate | AE34: Draft | AF34: Yes | AG34: =IF(OR(Z34<=Weights!$C$19,AF34="Yes"),Y34,Y34-5000) -> 68.39966 | AH34: =IF(OR(Z34<=Weights!$C$19,AF34="Yes"),RANK(AG34,$AG$5:$AG$172,0),"") -> 24
A35: may-aljuaid | B35: مي الجعيد | C35: May Aljuaid | D35: Saudi Brothers Commercial Company (SBCC) | E35: أخصائية تحليل بيانات (Data Analyst Specialist) | F35: Data Science & AI (T5) | G35: 2024 | H35: 4 | I35: 4 | J35: 2 | K35: 4 | L35: 5 | M35: 0 | N35: 0 | O35: 2 | P35: 2.8 | Q35: 4 | R35: 3.5 | S35: 3 | T35: 0 | U35: No | W35: =MIN(100,MAX(0,ROUND(SUMPRODUCT(I35:S35,$I$3:$S$3)/SUM($I$3:$S$3)/5*100+T35,1))) -> 57.8 | X35: =IF(U35="Yes","No","Yes") -> Yes | Y35: =IF(X35="Yes",W35,W35-1000)-ROW()/100000 -> 57.79965 | Z35: =RANK(Y35,$Y$5:$Y$172,0) -> 101 | AA35: =IF(X35="No","Hold – resolve flag",IF(Z35<=Weights!$C$18,"Tier 1 – Flagship launch",IF(OR(Z35<=Weights!$C$19,AF35="Yes"),"Tier 2 – Priority",IF(Z35<=Weights!$C$20,"Tier 3 – Standard rotation","Tier 4 – Reserve")))) -> Tier 4 – Reserve | AB35: Strengths: Employment after training 5/5, Specialization 4/5, Time since training 4/5. Data Science & AI (T5) track, cohort 2024; 4 months to outcome. Weak on: Promotion, Career transition. | AC35: توظيف أخصائيةَ تحليل بيانات بدوام كامل في Saudi Brothers Commercial Company (SBCC) بجدة من فبراير 2025 — بعد أربعة أشهر من إتمام المعسكر. | AD35: Clear draft quote with graduate; Add employer logo | AE35: Draft | AF35: No | AG35: =IF(OR(Z35<=Weights!$C$19,AF35="Yes"),Y35,Y35-5000) -> -4942.2004 | AH35: =IF(OR(Z35<=Weights!$C$19,AF35="Yes"),RANK(AG35,$AG$5:$AG$172,0),"")
A36: hamad-almuhaythif | B36: حمد المحيذف | C36: Hamad Almuhaythif | D36: الشركة السعودية لشراكات المياه SWPC | E36: عالم بيانات (Data Scientist) | F36: Data Engineering | G36: 2025 | H36: n/a | I36: 5 | J36: 4 | K36: 2 | L36: 5 | M36: 0 | N36: 0 | O36: 2 | P36: 3 | Q36: 4.6 | R36: 3.2 | S36: 5 | T36: 0 | U36: No | W36: =MIN(100,MAX(0,ROUND(SUMPRODUCT(I36:S36,$I$3:$S$3)/SUM($I$3:$S$3)/5*100+T36,1))) -> 64.6 | X36: =IF(U36="Yes","No","Yes") -> Yes | Y36: =IF(X36="Yes",W36,W36-1000)-ROW()/100000 -> 64.59964 | Z36: =RANK(Y36,$Y$5:$Y$172,0) -> 48 | AA36: =IF(X36="No","Hold – resolve flag",IF(Z36<=Weights!$C$18,"Tier 1 – Flagship launch",IF(OR(Z36<=Weights!$C$19,AF36="Yes"),"Tier 2 – Priority",IF(Z36<=Weights!$C$20,"Tier 3 – Standard rotation","Tier 4 – Reserve")))) -> Tier 2 – Priority | AB36: Strengths: Employment after training 5/5, Employer / company profile 4/5, Specialization 5/5. Data Engineering track, cohort 2025; timing dated by year only. Weak on: Promotion, Career transition. | AC36: أنظف مسار موثّق في الدفعة: بكالوريوس 2024 ← معسكر هندسة البيانات ← عالم بيانات في SWPC في السنة نفسها. | AD36: Confirm month-level date | AE36: Verified | AF36: Yes | AG36: =IF(OR(Z36<=Weights!$C$19,AF36="Yes"),Y36,Y36-5000) -> 64.59964 | AH36: =IF(OR(Z36<=Weights!$C$19,AF36="Yes"),RANK(AG36,$AG$5:$AG$172,0),"") -> 38
A37: jehad-aljazi | B37: جهاد الجازي | C37: Jehad Aljazi | D37: المؤسسة العامة للتأمينات الاجتماعية GOSI | E37: مهندس بيانات | F37: Data Engineering | G37: 2025 | H37: n/a | I37: 4 | J37: 4 | K37: 2 | L37: 5 | M37: 0 | N37: 0 | O37: 2 | P37: 2.2 | Q37: 2 | R37: 0.5 | S37: 5 | T37: 0 | U37: No | W37: =MIN(100,MAX(0,ROUND(SUMPRODUCT(I37:S37,$I$3:$S$3)/SUM($I$3:$S$3)/5*100+T37,1))) -> 49.4 | X37: =IF(U37="Yes","No","Yes") -> Yes | Y37: =IF(X37="Yes",W37,W37-1000)-ROW()/100000 -> 49.39963 | Z37: =RANK(Y37,$Y$5:$Y$172,0) -> 147 | AA37: =IF(X37="No","Hold – resolve flag",IF(Z37<=Weights!$C$18,"Tier 1 – Flagship launch",IF(OR(Z37<=Weights!$C$19,AF37="Yes"),"Tier 2 – Priority",IF(Z37<=Weights!$C$20,"Tier 3 – Standard rotation","Tier 4 – Reserve")))) -> Tier 4 – Reserve | AB37: Strengths: Employment after training 5/5, Employer / company profile 4/5, Strategic relevance 5/5. Data Engineering track, cohort 2025; timing dated by year only. Weak on: Promotion, Career transition. | AC37: بكالوريوس 2024 ← معسكر هندسة البيانات ← مهندس بيانات في GOSI خلال 2025 — نمط «معسكر ← وظيفة» مكتمل. | AD37: Clear draft quote with graduate; Source photo; Confirm month-level date | AE37: Draft | AF37: No | AG37: =IF(OR(Z37<=Weights!$C$19,AF37="Yes"),Y37,Y37-5000) -> -4950.6004 | AH37: =IF(OR(Z37<=Weights!$C$19,AF37="Yes"),RANK(AG37,$AG$5:$AG$172,0),"")
A38: amal-almubarak | B38: أمل المبارك | C38: Amal Almubarak | D38: المؤسسة العامة للتأمينات الاجتماعية GOSI | E38: أخصائية ذكاء اصطناعي | F38: Data Engineering | G38: 2025 | H38: n/a | I38: 5 | J38: 4 | K38: 2 | L38: 5 | M38: 0 | N38: 0 | O38: 2 | P38: 2.2 | Q38: 2 | R38: 0.5 | S38: 5 | T38: 0 | U38: No | W38: =MIN(100,MAX(0,ROUND(SUMPRODUCT(I38:S38,$I$3:$S$3)/SUM($I$3:$S$3)/5*100+T38,1))) -> 51 | X38: =IF(U38="Yes","No","Yes") -> Yes | Y38: =IF(X38="Yes",W38,W38-1000)-ROW()/100000 -> 50.99962 | Z38: =RANK(Y38,$Y$5:$Y$172,0) -> 141 | AA38: =IF(X38="No","Hold – resolve flag",IF(Z38<=Weights!$C$18,"Tier 1 – Flagship launch",IF(OR(Z38<=Weights!$C$19,AF38="Yes"),"Tier 2 – Priority",IF(Z38<=Weights!$C$20,"Tier 3 – Standard rotation","Tier 4 – Reserve")))) -> Tier 4 – Reserve | AB38: Strengths: Employment after training 5/5, Employer / company profile 4/5, Specialization 5/5. Data Engineering track, cohort 2025; timing dated by year only. Weak on: Promotion, Career transition. | AC38: من بكالوريوس جامعة الملك سعود إلى أخصائية ذكاء اصطناعي في GOSI خلال سنة التخرج نفسها. | AD38: Clear draft quote with graduate; Source photo; Confirm month-level date | AE38: Draft | AF38: No | AG38: =IF(OR(Z38<=Weights!$C$19,AF38="Yes"),Y38,Y38-5000) -> -4949.0004 | AH38: =IF(OR(Z38<=Weights!$C$19,AF38="Yes"),RANK(AG38,$AG$5:$AG$172,0),"")
A39: hussein-mohsen | B39: حسين محسن | C39: Hussain Mohsen | D39: أكاديمية كاوست | E39: مساعد تدريس ذكاء اصطناعي | F39: Data Engineering | G39: 2025 | H39: n/a | I39: 5 | J39: 4 | K39: 2 | L39: 5 | M39: 0 | N39: 5 | O39: 2 | P39: 5 | Q39: 4.6 | R39: 1.5 | S39: 5 | T39: 0 | U39: No | W39: =MIN(100,MAX(0,ROUND(SUMPRODUCT(I39:S39,$I$3:$S$3)/SUM($I$3:$S$3)/5*100+T39,1))) -> 68.7 | X39: =IF(U39="Yes","No","Yes") -> Yes | Y39: =IF(X39="Yes",W39,W39-1000)-ROW()/100000 -> 68.69961 | Z39: =RANK(Y39,$Y$5:$Y$172,0) -> 22 | AA39: =IF(X39="No","Hold – resolve flag",IF(Z39<=Weights!$C$18,"Tier 1 – Flagship launch",IF(OR(Z39<=Weights!$C$19,AF39="Yes"),"Tier 2 – Priority",IF(Z39<=Weights!$C$20,"Tier 3 – Standard rotation","Tier 4 – Reserve")))) -> Tier 2 – Priority | AB39: Strengths: Employment after training 5/5, Employer / company profile 4/5, Specialization 5/5. Data Engineering track, cohort 2025; timing dated by year only. Weak on: Promotion. | AC39: من بكالوريوس الذكاء الاصطناعي إلى مسار أكاديمي بحثي في مؤسسة نخبوية خلال سنة واحدة. | AD39: Clear draft quote with graduate; Confirm month-level date | AE39: Draft | AF39: No | AG39: =IF(OR(Z39<=Weights!$C$19,AF39="Yes"),Y39,Y39-5000) -> 68.69961 | AH39: =IF(OR(Z39<=Weights!$C$19,AF39="Yes"),RANK(AG39,$AG$5:$AG$172,0),"") -> 22
A40: majd-alziyadi | B40: مجد الزيادي | C40: Majd Alziyady | D40: IBM | E40: مطوّرة تطبيقات | F40: ServiceNow | G40: 2025 | H40: n/a | I40: 2 | J40: 5 | K40: 2 | L40: 5 | M40: 0 | N40: 0 | O40: 2 | P40: 4.2 | Q40: 3 | R40: 1.5 | S40: 4 | T40: 0 | U40: No | W40: =MIN(100,MAX(0,ROUND(SUMPRODUCT(I40:S40,$I$3:$S$3)/SUM($I$3:$S$3)/5*100+T40,1))) -> 54.8 | X40: =IF(U40="Yes","No","Yes") -> Yes | Y40: =IF(X40="Yes",W40,W40-1000)-ROW()/100000 -> 54.7996 | Z40: =RANK(Y40,$Y$5:$Y$172,0) -> 124 | AA40: =IF(X40="No","Hold – resolve flag",IF(Z40<=Weights!$C$18,"Tier 1 – Flagship launch",IF(OR(Z40<=Weights!$C$19,AF40="Yes"),"Tier 2 – Priority",IF(Z40<=Weights!$C$20,"Tier 3 – Standard rotation","Tier 4 – Reserve")))) -> Tier 4 – Reserve | AB40: Strengths: Employer / company profile 5/5, Employment after training 5/5, Achievements 4.2/5. ServiceNow track, cohort 2025; timing dated by year only. Weak on: Promotion, Career transition. | AC40: من معسكر ServiceNow إلى تطوير التطبيقات في IBM بشهادتَي CAD وCSA. | AD40: Clear draft quote with graduate; Replace low-res photo; Confirm month-level date | AE40: Draft | AF40: No | AG40: =IF(OR(Z40<=Weights!$C$19,AF40="Yes"),Y40,Y40-5000) -> -4945.2004 | AH40: =IF(OR(Z40<=Weights!$C$19,AF40="Yes"),RANK(AG40,$AG$5:$AG$172,0),"")
A41: hind-alhijailan | B41: هند الحجيلان | C41: Hind Alhujailan | D41: سدايا | E41: مسؤولة تميز خدمات الحوسبة السحابية | F41: ServiceNow | G41: 2025 | H41: n/a | I41: 4 | J41: 3 | K41: 2 | L41: 4 | M41: 0 | N41: 0 | O41: 2 | P41: 2.2 | Q41: 4 | R41: 2 | S41: 3 | T41: 0 | U41: No | W41: =MIN(100,MAX(0,ROUND(SUMPRODUCT(I41:S41,$I$3:$S$3)/SUM($I$3:$S$3)/5*100+T41,1))) -> 49.5 | X41: =IF(U41="Yes","No","Yes") -> Yes | Y41: =IF(X41="Yes",W41,W41-1000)-ROW()/100000 -> 49.49959 | Z41: =RANK(Y41,$Y$5:$Y$172,0) -> 145 | AA41: =IF(X41="No","Hold – resolve flag",IF(Z41<=Weights!$C$18,"Tier 1 – Flagship launch",IF(OR(Z41<=Weights!$C$19,AF41="Yes"),"Tier 2 – Priority",IF(Z41<=Weights!$C$20,"Tier 3 – Standard rotation","Tier 4 – Reserve")))) -> Tier 4 – Reserve | AB41: Strengths: Employment after training 4/5, Specialization 4/5, Story completeness 4/5. ServiceNow track, cohort 2025; timing dated by year only. Weak on: Promotion, Career transition. | AC41: الدائرة تكتمل: الهيئة التي درّبتها وظّفتها — واحدة من أكثر من ثماني حالات توظيف موثّقة لخريجين داخل سدايا. | AD41: Confirm month-level date | AE41: Verified | AF41: No | AG41: =IF(OR(Z41<=Weights!$C$19,AF41="Yes"),Y41,Y41-5000) -> -4950.5004 | AH41: =IF(OR(Z41<=Weights!$C$19,AF41="Yes"),RANK(AG41,$AG$5:$AG$172,0),"")
A42: wadha-almattar | B42: د. وضحة المطر | C42: Dr. Wadha Almattar | D42: جامعة الإمام عبدالرحمن بن فيصل | E42: أستاذة مساعدة ورئيسة قسم هندسة الحاسب | F42: GenAI / NVIDIA | G42: 2025 | H42: 6 | I42: 4 | J42: 4 | K42: 3 | L42: 2 | M42: 3 | N42: 0 | O42: 3 | P42: 5 | Q42: 4.3 | R42: 3.5 | S42: 5 | T42: 0 | U42: No | W42: =MIN(100,MAX(0,ROUND(SUMPRODUCT(I42:S42,$I$3:$S$3)/SUM($I$3:$S$3)/5*100+T42,1))) -> 68.4 | X42: =IF(U42="Yes","No","Yes") -> Yes | Y42: =IF(X42="Yes",W42,W42-1000)-ROW()/100000 -> 68.39958 | Z42: =RANK(Y42,$Y$5:$Y$172,0) -> 25 | AA42: =IF(X42="No","Hold – resolve flag",IF(Z42<=Weights!$C$18,"Tier 1 – Flagship launch",IF(OR(Z42<=Weights!$C$19,AF42="Yes"),"Tier 2 – Priority",IF(Z42<=Weights!$C$20,"Tier 3 – Standard rotation","Tier 4 – Reserve")))) -> Tier 2 – Priority | AB42: Strengths: Employer / company profile 4/5, Achievements 5/5, Strategic relevance 5/5. GenAI / NVIDIA track, cohort 2025; 6 months to outcome. Weak on: Career transition. | AC42: أتمّت برنامج NVIDIA وشهادتَي NVIDIA-Certified Associate في فبراير 2025 — وعُيّنت رئيسةً لقسم هندسة الحاسب بعد نحو ستة أشهر (أغسطس 2025). | AD42: Clear draft quote with graduate | AE42: Draft | AF42: No | AG42: =IF(OR(Z42<=Weights!$C$19,AF42="Yes"),Y42,Y42-5000) -> 68.39958 | AH42: =IF(OR(Z42<=Weights!$C$19,AF42="Yes"),RANK(AG42,$AG$5:$AG$172,0),"") -> 25
A43: wajn-alqahtani | B43: وجن القحطاني | C43: Wajn Alqahtani | D43: مصرف الإنماء | E43: برنامج تطوير الخريجين (GDP) — إدارة البيانات والذكاء الاصطناعي | F43: LLM | G43: 2025 | H43: n/a | I43: 4 | J43: 4 | K43: 2 | L43: 5 | M43: 0 | N43: 0 | O43: 2 | P43: 5 | Q43: 5 | R43: 1.8 | S43: 5 | T43: 0 | U43: No | W43: =MIN(100,MAX(0,ROUND(SUMPRODUCT(I43:S43,$I$3:$S$3)/SUM($I$3:$S$3)/5*100+T43,1))) -> 62.6 | X43: =IF(U43="Yes","No","Yes") -> Yes | Y43: =IF(X43="Yes",W43,W43-1000)-ROW()/100000 -> 62.59957 | Z43: =RANK(Y43,$Y$5:$Y$172,0) -> 62 | AA43: =IF(X43="No","Hold – resolve flag",IF(Z43<=Weights!$C$18,"Tier 1 – Flagship launch",IF(OR(Z43<=Weights!$C$19,AF43="Yes"),"Tier 2 – Priority",IF(Z43<=Weights!$C$20,"Tier 3 – Standard rotation","Tier 4 – Reserve")))) -> Tier 3 – Standard rotation | AB43: Strengths: Employment after training 5/5, Employer / company profile 4/5, Achievements 5/5. LLM track, cohort 2025; timing dated by year only. Weak on: Promotion, Career transition. | AC43: ثلاثة برامج متتابعة بالأكاديمية قادتها من التخرج الجامعي إلى برنامج تطوير خريجي مصرف الإنماء في مسار البيانات والذكاء الاصطناعي — مع تكريم في مؤتمر ICAN. | AD43: Clear draft quote with graduate; Confirm month-level date | AE43: Draft | AF43: No | AG43: =IF(OR(Z43<=Weights!$C$19,AF43="Yes"),Y43,Y43-5000) -> -4937.4004 | AH43: =IF(OR(Z43<=Weights!$C$19,AF43="Yes"),RANK(AG43,$AG$5:$AG$172,0),"")
A44: sukainah-alramadhan | B44: سكينه الرمضان | C44: Sukainah Alramadhan | D44: أكاديمية كاوست | E44: مدرّبة ذكاء اصطناعي | F44: GenAI / NVIDIA | G44: 2026 | H44: n/a | I44: 5 | J44: 4 | K44: 2 | L44: 5 | M44: 0 | N44: 5 | O44: 2 | P44: 3.5 | Q44: 5 | R44: 1.5 | S44: 5 | T44: 0 | U44: No | W44: =MIN(100,MAX(0,ROUND(SUMPRODUCT(I44:S44,$I$3:$S$3)/SUM($I$3:$S$3)/5*100+T44,1))) -> 66.9 | X44: =IF(U44="Yes","No","Yes") -> Yes | Y44: =IF(X44="Yes",W44,W44-1000)-ROW()/100000 -> 66.89956 | Z44: =RANK(Y44,$Y$5:$Y$172,0) -> 33 | AA44: =IF(X44="No","Hold – resolve flag",IF(Z44<=Weights!$C$18,"Tier 1 – Flagship launch",IF(OR(Z44<=Weights!$C$19,AF44="Yes"),"Tier 2 – Priority",IF(Z44<=Weights!$C$20,"Tier 3 – Standard rotation","Tier 4 – Reserve")))) -> Tier 3 – Standard rotation | AB44: Strengths: Employment after training 5/5, Employer / company profile 4/5, Specialization 5/5. GenAI / NVIDIA track, cohort 2026; timing dated by year only. Weak on: Promotion. | AC44: من متدرّبة في برامج الأكاديمية إلى مدرّبة ذكاء اصطناعي في أكاديمية كاوست — دورة كاملة من التعلّم إلى التعليم خلال عام واحد. | AD44: Clear draft quote with graduate; Confirm month-level date | AE44: Draft | AF44: No | AG44: =IF(OR(Z44<=Weights!$C$19,AF44="Yes"),Y44,Y44-5000) -> -4933.1004 | AH44: =IF(OR(Z44<=Weights!$C$19,AF44="Yes"),RANK(AG44,$AG$5:$AG$172,0),"")
A45: jehad-alhazmi | B45: جهاد الحازمي | C45: Jehad Alhazmi | D45: بنك التنمية الاجتماعية | E45: محلل هندسة بيانات (Data Engineer Analyst) | F45: Data Engineering | G45: 2026 | H45: n/a | I45: 4 | J45: 4 | K45: 2 | L45: 5 | M45: 0 | N45: 0 | O45: 2 | P45: 3.5 | Q45: 5 | R45: 2.2 | S45: 5 | T45: 0 | U45: No | W45: =MIN(100,MAX(0,ROUND(SUMPRODUCT(I45:S45,$I$3:$S$3)/SUM($I$3:$S$3)/5*100+T45,1))) -> 61.4 | X45: =IF(U45="Yes","No","Yes") -> Yes | Y45: =IF(X45="Yes",W45,W45-1000)-ROW()/100000 -> 61.39955 | Z45: =RANK(Y45,$Y$5:$Y$172,0) -> 72 | AA45: =IF(X45="No","Hold – resolve flag",IF(Z45<=Weights!$C$18,"Tier 1 – Flagship launch",IF(OR(Z45<=Weights!$C$19,AF45="Yes"),"Tier 2 – Priority",IF(Z45<=Weights!$C$20,"Tier 3 – Standard rotation","Tier 4 – Reserve")))) -> Tier 2 – Priority | AB45: Strengths: Employment after training 5/5, Employer / company profile 4/5, Story completeness 5/5. Data Engineering track, cohort 2026; timing dated by year only. Weak on: Promotion, Career transition. | AC45: تسلّم شهادة اجتياز معسكر هندسة البيانات على منصة مؤتمر ICAN، ويعمل اليوم محلل هندسة بيانات في بنك التنمية الاجتماعية. | AD45: Confirm month-level date | AE45: Verified | AF45: Yes | AG45: =IF(OR(Z45<=Weights!$C$19,AF45="Yes"),Y45,Y45-5000) -> 61.39955 | AH45: =IF(OR(Z45<=Weights!$C$19,AF45="Yes"),RANK(AG45,$AG$5:$AG$172,0),"") -> 45
A46: amal-almuarik | B46: أمل عبدالرحمن المعارك | C46: Amal Abdulrahman Almuarik | D46: المؤسسة العامة للتأمينات الاجتماعية GOSI | E46: أخصائية ذكاء اصطناعي (Artificial Intelligence Specialist) | F46: Data Engineering | G46: 2026 | H46: n/a | I46: 5 | J46: 4 | K46: 2 | L46: 5 | M46: 0 | N46: 0 | O46: 2 | P46: 3.5 | Q46: 4 | R46: 1.2 | S46: 5 | T46: 0 | U46: Yes | V46: Legacy gap flag (authorized exception) | W46: =MIN(100,MAX(0,ROUND(SUMPRODUCT(I46:S46,$I$3:$S$3)/SUM($I$3:$S$3)/5*100+T46,1))) -> 58.4 | X46: =IF(U46="Yes","No","Yes") -> No | Y46: =IF(X46="Yes",W46,W46-1000)-ROW()/100000 -> -941.60046 | Z46: =RANK(Y46,$Y$5:$Y$172,0) -> 155 | AA46: =IF(X46="No","Hold – resolve flag",IF(Z46<=Weights!$C$18,"Tier 1 – Flagship launch",IF(OR(Z46<=Weights!$C$19,AF46="Yes"),"Tier 2 – Priority",IF(Z46<=Weights!$C$20,"Tier 3 – Standard rotation","Tier 4 – Reserve")))) -> Hold – resolve flag | AB46: Strengths: Employment after training 5/5, Employer / company profile 4/5, Specialization 5/5. Data Engineering track, cohort 2026; timing dated by year only. Weak on: Promotion, Career transition. Held: Legacy gap flag (authorized exception). | AC46: من معسكر هندسة البيانات إلى أخصائية ذكاء اصطناعي داخل المؤسسة العامة للتأمينات الاجتماعية — جهة العمل والمسمى مؤكدان علنًا معًا. | AD46: Replace GitHub avatar with real photo; Confirm month-level date | AE46: Verified | AF46: No | AG46: =IF(OR(Z46<=Weights!$C$19,AF46="Yes"),Y46,Y46-5000) -> -5941.6005 | AH46: =IF(OR(Z46<=Weights!$C$19,AF46="Yes"),RANK(AG46,$AG$5:$AG$172,0),"")
A47: bushra-dajam | B47: بشرى عبدالخالق دعجم | C47: Bushra Abdulkhaliq Dajam | D47: Arabot أرابوت | E47: مهندسة ذكاء اصطناعي (AI Engineer) | F47: GenAI / NVIDIA | G47: 2026 | H47: n/a | I47: 5 | J47: 4 | K47: 2 | L47: 5 | M47: 0 | N47: 0 | O47: 2 | P47: 3 | Q47: 4 | R47: 1.2 | S47: 5 | T47: 0 | U47: Yes | V47: Legacy gap flag (authorized exception) | W47: =MIN(100,MAX(0,ROUND(SUMPRODUCT(I47:S47,$I$3:$S$3)/SUM($I$3:$S$3)/5*100+T47,1))) -> 57.6 | X47: =IF(U47="Yes","No","Yes") -> No | Y47: =IF(X47="Yes",W47,W47-1000)-ROW()/100000 -> -942.40047 | Z47: =RANK(Y47,$Y$5:$Y$172,0) -> 156 | AA47: =IF(X47="No","Hold – resolve flag",IF(Z47<=Weights!$C$18,"Tier 1 – Flagship launch",IF(OR(Z47<=Weights!$C$19,AF47="Yes"),"Tier 2 – Priority",IF(Z47<=Weights!$C$20,"Tier 3 – Standard rotation","Tier 4 – Reserve")))) -> Hold – resolve flag | AB47: Strengths: Employment after training 5/5, Employer / company profile 4/5, Specialization 5/5. GenAI / NVIDIA track, cohort 2026; timing dated by year only. Weak on: Promotion, Career transition. Held: Legacy gap flag (authorized exception). | AC47: تبني نماذج لغوية عربية مفتوحة المصدر — من مساعد قانوني بتقنية الاسترجاع المعزّز إلى أنظمة توصية — ثم تنتقل بها إلى هندسة الذكاء الاصطناعي في شركة محادثة عربية. | AD47: Replace GitHub avatar with real photo; Confirm month-level date | AE47: Verified | AF47: No | AG47: =IF(OR(Z47<=Weights!$C$19,AF47="Yes"),Y47,Y47-5000) -> -5942.4005 | AH47: =IF(OR(Z47<=Weights!$C$19,AF47="Yes"),RANK(AG47,$AG$5:$AG$172,0),"")
A48: maysam-almalah | B48: ميسم الملاح | C48: Maysam Almalah | D48: غير معلنة | E48: مطوّرة — فريق مشروع «ريفيو» المتأهل ضمن أفضل ثلاثة | F48: Vibe Coding | G48: 2026 | H48: n/a | I48: 4 | J48: 0 | K48: 2 | L48: 0 | M48: 0 | N48: 5 | O48: 4 | P48: 5 | Q48: 2.9 | R48: 1.5 | S48: 5 | T48: 0 | U48: Yes | V48: Employer undisclosed | W48: =MIN(100,MAX(0,ROUND(SUMPRODUCT(I48:S48,$I$3:$S$3)/SUM($I$3:$S$3)/5*100+T48,1))) -> 48.7 | X48: =IF(U48="Yes","No","Yes") -> No | Y48: =IF(X48="Yes",W48,W48-1000)-ROW()/100000 -> -951.30048 | Z48: =RANK(Y48,$Y$5:$Y$172,0) -> 164 | AA48: =IF(X48="No","Hold – resolve flag",IF(Z48<=Weights!$C$18,"Tier 1 – Flagship launch",IF(OR(Z48<=Weights!$C$19,AF48="Yes"),"Tier 2 – Priority",IF(Z48<=Weights!$C$20,"Tier 3 – Standard rotation","Tier 4 – Reserve")))) -> Hold – resolve flag | AB48: Strengths: Measurable impact 4/5, Achievements 5/5, Strategic relevance 5/5. Vibe Coding track, cohort 2026; timing dated by year only. Weak on: Employer / company profile, Employment after training. Held: Employer undisclosed. | AC48: مشروع «ريفيو» تأهّل ضمن أفضل ثلاثة مشاريع من أصل أربعة عشر، وانتقل فريقها إلى دور لجنة تحكيم المرحلة الثانية. | AD48: Clear draft quote with graduate; Replace low-res photo; Confirm month-level date | AE48: Draft | AF48: No | AG48: =IF(OR(Z48<=Weights!$C$19,AF48="Yes"),Y48,Y48-5000) -> -5951.3005 | AH48: =IF(OR(Z48<=Weights!$C$19,AF48="Yes"),RANK(AG48,$AG$5:$AG$172,0),"")
A49: alanoud-alotaibi | B49: العنود العتيبي | C49: Alanoud Alotaibi | D49: غير معلنة | E49: مهندسة بيانات ووكلاء ذكاء اصطناعي — طالبة بجامعة الملك سعود | F49: AI Agents | G49: 2026 | H49: n/a | I49: 5 | J49: 0 | K49: 2 | L49: 2 | M49: 0 | N49: 0 | O49: 1 | P49: 3 | Q49: 3.2 | R49: 2 | S49: 5 | T49: 0 | U49: Yes | V49: Employer undisclosed | W49: =MIN(100,MAX(0,ROUND(SUMPRODUCT(I49:S49,$I$3:$S$3)/SUM($I$3:$S$3)/5*100+T49,1))) -> 41.1 | X49: =IF(U49="Yes","No","Yes") -> No | Y49: =IF(X49="Yes",W49,W49-1000)-ROW()/100000 -> -958.90049 | Z49: =RANK(Y49,$Y$5:$Y$172,0) -> 168 | AA49: =IF(X49="No","Hold – resolve flag",IF(Z49<=Weights!$C$18,"Tier 1 – Flagship launch",IF(OR(Z49<=Weights!$C$19,AF49="Yes"),"Tier 2 – Priority",IF(Z49<=Weights!$C$20,"Tier 3 – Standard rotation","Tier 4 – Reserve")))) -> Hold – resolve flag | AB49: Strengths: Specialization 5/5, Strategic relevance 5/5. AI Agents track, cohort 2026; timing dated by year only. Weak on: Employer / company profile, Promotion. Held: Employer undisclosed. | AC49: برنامجان موثّقان بالأكاديمية ومشروعان منشوران — أحدهما موقع حيّ يعمل علنًا بمنهج هندسة الوكلاء. | AD49: Clear draft quote with graduate; Replace GitHub avatar with real photo; Confirm month-level date | AE49: Draft | AF49: No | AG49: =IF(OR(Z49<=Weights!$C$19,AF49="Yes"),Y49,Y49-5000) -> -5958.9005 | AH49: =IF(OR(Z49<=Weights!$C$19,AF49="Yes"),RANK(AG49,$AG$5:$AG$172,0),"")
A50: rayah-aldawsari | B50: راية الدواسري | C50: Rayah Aldawsari | D50: غير معلنة | E50: خريجة أكاديمية الذكاء الاصطناعي التوليدي — المركز الثالث بين 120+ مشروعًا | F50: GenAI / NVIDIA | G50: 2026 | H50: n/a | I50: 4 | J50: 0 | K50: 2 | L50: 0 | M50: 0 | N50: 0 | O50: 4 | P50: 5 | Q50: 4.2 | R50: 3 | S50: 5 | T50: 0 | U50: Yes | V50: Employer undisclosed | W50: =MIN(100,MAX(0,ROUND(SUMPRODUCT(I50:S50,$I$3:$S$3)/SUM($I$3:$S$3)/5*100+T50,1))) -> 49.3 | X50: =IF(U50="Yes","No","Yes") -> No | Y50: =IF(X50="Yes",W50,W50-1000)-ROW()/100000 -> -950.7005 | Z50: =RANK(Y50,$Y$5:$Y$172,0) -> 163 | AA50: =IF(X50="No","Hold – resolve flag",IF(Z50<=Weights!$C$18,"Tier 1 – Flagship launch",IF(OR(Z50<=Weights!$C$19,AF50="Yes"),"Tier 2 – Priority",IF(Z50<=Weights!$C$20,"Tier 3 – Standard rotation","Tier 4 – Reserve")))) -> Hold – resolve flag | AB50: Strengths: Measurable impact 4/5, Achievements 5/5, Strategic relevance 5/5. GenAI / NVIDIA track, cohort 2026; timing dated by year only. Weak on: Employer / company profile, Employment after training. Held: Employer undisclosed. | AC50: مشروع تخرجها حصد المركز الثالث بين أكثر من 120 مشروعًا — ونالت شهادة NVIDIA في 25 يوليو 2026. | AD50: Clear draft quote with graduate | AE50: Draft | AF50: No | AG50: =IF(OR(Z50<=Weights!$C$19,AF50="Yes"),Y50,Y50-5000) -> -5950.7005 | AH50: =IF(OR(Z50<=Weights!$C$19,AF50="Yes"),RANK(AG50,$AG$5:$AG$172,0),"")
A51: hassn-alqaeri | B51: حسن القاعري | C51: Hassn Alqaeri | D51: مهمة OSACT7 المشتركة — LREC 2026 | E51: مهندس نماذج لغوية كبيرة — صاحب النظام الفائز بالمركز الأول | F51: LLM | G51: 2026 | H51: n/a | I51: 5 | J51: 5 | K51: 2 | L51: 0 | M51: 3 | N51: 0 | O51: 5 | P51: 5 | Q51: 3.2 | R51: 4.2 | S51: 5 | T51: 0 | U51: No | W51: =MIN(100,MAX(0,ROUND(SUMPRODUCT(I51:S51,$I$3:$S$3)/SUM($I$3:$S$3)/5*100+T51,1))) -> 71.1 | X51: =IF(U51="Yes","No","Yes") -> Yes | Y51: =IF(X51="Yes",W51,W51-1000)-ROW()/100000 -> 71.09949 | Z51: =RANK(Y51,$Y$5:$Y$172,0) -> 15 | AA51: =IF(X51="No","Hold – resolve flag",IF(Z51<=Weights!$C$18,"Tier 1 – Flagship launch",IF(OR(Z51<=Weights!$C$19,AF51="Yes"),"Tier 2 – Priority",IF(Z51<=Weights!$C$20,"Tier 3 – Standard rotation","Tier 4 – Reserve")))) -> Tier 2 – Priority | AB51: Strengths: Evidence quality 4.2/5, Employer / company profile 5/5, Measurable impact 5/5. LLM track, cohort 2026; timing dated by year only. Weak on: Employment after training, Career transition. | AC51: المركز الأول في مهمة تشكيل النطق العربي المشتركة بمعدل خطأ 23.26% — وورقة منشورة في ACL Anthology ضمن ورشة OSACT7 بمؤتمر LREC 2026. | AD51: Clear draft quote with graduate; Replace GitHub avatar with real photo; Add employer logo; Confirm month-level date | AE51: Draft | AF51: No | AG51: =IF(OR(Z51<=Weights!$C$19,AF51="Yes"),Y51,Y51-5000) -> 71.09949 | AH51: =IF(OR(Z51<=Weights!$C$19,AF51="Yes"),RANK(AG51,$AG$5:$AG$172,0),"") -> 15
A52: afrah-alsharari | B52: أفراح الشراري | C52: Afrah Alsharari | D52: سدايا | E52: أخصائية إحصاء — عُيّنت في سدايا فور انتهاء البرنامج (مارس 2022) | F52: Data Science & AI (T5) | G52: 2021 | H52: 0 | I52: 4 | J52: 3 | K52: 2 | L52: 3 | M52: 0 | N52: 3 | O52: 2 | P52: 2.2 | Q52: 3.4 | R52: 2.5 | S52: 1 | T52: 0 | U52: No | W52: =MIN(100,MAX(0,ROUND(SUMPRODUCT(I52:S52,$I$3:$S$3)/SUM($I$3:$S$3)/5*100+T52,1))) -> 48.5 | X52: =IF(U52="Yes","No","Yes") -> Yes | Y52: =IF(X52="Yes",W52,W52-1000)-ROW()/100000 -> 48.49948 | Z52: =RANK(Y52,$Y$5:$Y$172,0) -> 149 | AA52: =IF(X52="No","Hold – resolve flag",IF(Z52<=Weights!$C$18,"Tier 1 – Flagship launch",IF(OR(Z52<=Weights!$C$19,AF52="Yes"),"Tier 2 – Priority",IF(Z52<=Weights!$C$20,"Tier 3 – Standard rotation","Tier 4 – Reserve")))) -> Tier 4 – Reserve | AB52: Strengths: Specialization 4/5. Data Science & AI (T5) track, cohort 2021; outcome in completion month. Weak on: Promotion, Strategic relevance. | AC52: صفر شهر بين إتمام المعسكر والتوظيف: انتقلت من مقعد التدريب إلى وظيفة أخصائية إحصاء داخل سدايا في الشهر نفسه، وما زالت فيها بعد أربع سنوات ونصف. | AD52: Clear draft quote with graduate; Replace low-res photo; Hire in completion month — check subsequence | AE52: Draft | AF52: No | AG52: =IF(OR(Z52<=Weights!$C$19,AF52="Yes"),Y52,Y52-5000) -> -4951.5005 | AH52: =IF(OR(Z52<=Weights!$C$19,AF52="Yes"),RANK(AG52,$AG$5:$AG$172,0),"")
