Workbook

Sheet Master Graduate List
A1: # | B1: الاسم العربي Arabic Name | C1: الاسم الإنجليزي English Name | D1: برنامج أكاديمية سدايا SDAIA Academy Program | E1: سنة التخرج/الإتمام Year | F1: LinkedIn | G1: GitHub | H1: موقع/بورتفوليو Website | I1: مصدر الدليل Evidence Source | J1: درجة الثقة Confidence
A2: 1 | B2: جهاد الحازمي | C2: Jehad Alhazmi | D2: معسكر هندسة البيانات | E2: 2026 (~فبراير — التكريم في مؤتمر ICAN) | F2: https://www.linkedin.com/in/jehadalhazmi | G2: — | H2: — | I2: منشور علني (~فبراير 2026) يوثّق حصوله على شهادة اجتياز معسكر هندسة البيانات وتسلّمها ضمن مؤتمر ICAN. محلل هندسة بيانات بشهادات Microsoft (Azure، Power BI، SQL، Fabric). — https://www.linkedin.com/posts/jehadalhazmi_sdaia-ican-dataengineer-ugcPost-7423615489144356864-Z5Fa/ | J2: High
A3: 2 | B3: سارة سلطان | C3: Sarah Sultan | D3: معسكر هندسة البيانات | E3: 2026 | F3: — | G3: https://github.com/sarah1421 | H3: — | I3: سجل مضاف في المسح العلني الموسّع (أغسطس 2026). التخصص: RAG للامتثال التنظيمي (SAMA) / معمارية Medallion. الدليل: SDAIA Modern Data Engineering Bootcamp — Final Capstone Project (June 2026) — https://github.com/sarah1421/PRO_DATAENG_SDAIA | J3: High
A4: 3 | B4: الجوهرة السبيعي | C4: Aljawharah Alsubaie | D4: هندسة البيانات | E4: 2026 | F4: — | G4: https://github.com/AljawharahAlqabbani/SDAIA-projects | H4: — | I4: سجل مضاف في المسح العلني الموسّع (أغسطس 2026). التخصص: هندسة البيانات / Data Engineering. الدليل: *Student:* Aljawharah Alsubaie *Program:* SDAIA Academy — Data Engineering for AI Systems (DAICO) *Session dates:* 19 July 2026 – 23 July 2026 *Trainer:* Mohammed Albeladi | J4: High
A5: 4 | B5: بتول عسيري | C5: Btool Asiri | D5: هندسة البيانات | E5: 2026 | F5: — | G5: https://github.com/Nfnf-56 | H5: — | I5: سجل مضاف في المسح العلني الموسّع (أغسطس 2026). التخصص: هندسة البيانات (Kafka, Delta Lake, Great Expectations, OpenLineage). الدليل: **Student:** Btool Asiri ... SDAIA Academy capstone. — https://github.com/Nfnf-56/capstone-retail-pipeline | J5: High
A6: 5 | B6: جوري الحسن | C6: Jory Alhassan | D6: هندسة البيانات | E6: 2026 | F6: — | G6: https://github.com/joryhh/data-engineering-capstone | H6: — | I6: سجل مضاف في المسح العلني الموسّع (أغسطس 2026). التخصص: هندسة البيانات / Data Engineering. الدليل: Student: Jory Alhassan | Program: SDAIA Academy — Modern Data Engineering for AI Systems | Session dates: 19 July 2026 – 23 July 2026 | Trainer: Mohammed Albeladi | J6: High
A7: 6 | B7: دانة السيدان | C7: Dana Alsaidan | D7: هندسة البيانات | E7: 2026 | F7: — | G7: https://github.com/Shatha-1/Data-engineering | H7: — | I7: سجل مضاف في المسح العلني الموسّع (أغسطس 2026). التخصص: هندسة البيانات / Data Engineering. الدليل: **Trainees:** Waad Alsaif, Razan Almutairi, Dana Alsaidan, Layan Alameri, Shatha Bin Mana | **Program:** Modern Data Engineering for AI Systems | **Cohort Dates:** 19-07-2026 – 23-07-2026 | **Trainer:** | J7: High
A8: 7 | B8: رزان المطيري | C8: Razan Almutairi | D8: هندسة البيانات | E8: 2026 | F8: — | G8: https://github.com/Shatha-1/Data-engineering | H8: — | I8: سجل مضاف في المسح العلني الموسّع (أغسطس 2026). التخصص: هندسة البيانات / Data Engineering. الدليل: **Trainees:** Waad Alsaif, Razan Almutairi, Dana Alsaidan, Layan Alameri, Shatha Bin Mana | **Program:** Modern Data Engineering for AI Systems | **Cohort Dates:** 19-07-2026 – 23-07-2026 | **Trainer:** | J8: High
A9: 8 | B9: روان القحطاني | C9: Rawan Alqahtani | D9: هندسة البيانات | E9: 2026 | F9: — | G9: https://github.com/Rawan1H | H9: — | I9: سجل مضاف في المسح العلني الموسّع (أغسطس 2026). التخصص: هندسة البيانات (Kafka, Delta Lake, RAG, Airflow). الدليل: This project was developed by team members: Alanoud Alotaibi, Rawan Alqahtani (@Rawan1H), Reem Alshathri ... This capstone project was delivered as part of the SDAIA Academy Data Engineer — https://github.com/Alanoud-Alotaibi/sdaia-capstone-data-pipeline | J9: High
A10: 9 | B10: ريان الشريفي | C10: Rayan Shareefi | D10: هندسة البيانات | E10: 2026 | F10: — | G10: https://github.com/Rayan-Shareefi | H10: — | I10: README: SDAIA Academy — Modern Data Engineering for AI Systems capstone، 2–6 أغسطس 2026 — https://github.com/Rayan-Shareefi/smart-university-knowledge-assistant | J10: High
A11: 10 | B11: ريما الدايل | C11: Reema AlDayel | D11: هندسة البيانات | E11: 2026 | F11: — | G11: https://github.com/Ghhaidaa/Data-Engineering-for-AI-System-DAICO | H11: — | I11: سجل مضاف في المسح العلني الموسّع (أغسطس 2026). التخصص: هندسة البيانات / Data Engineering. الدليل: Students: Ghaida Bin maadi, Shaden Alghannam, Reema AlDayel | Program: SDAIA Academy — Modern Data Engineering for AI Systems | Session dates: 19 July 2026 – 23 July 2026 | Trainer: Mohammed Albeladi | J11: High
A12: 11 | B12: سند الخمالي | C12: Sanad Alkhamali | D12: هندسة البيانات | E12: 2026 | F12: — | G12: — | H12: — | I12: مذكور بالاسم ضمن فريق مشروع التخرج في README المستودع أعلاه — https://github.com/c3bod/sdaia-capstone-modern-data-engineering | J12: High
A13: 12 | B13: سيف أبوخميس | C13: Saif Abukhamis | D13: هندسة البيانات | E13: 2026 | F13: — | G13: https://github.com/saifabokhamees1-cmyk | H13: — | I13: عضو فريق مشروع التخرج في README المستودع أعلاه — https://github.com/AK7Amin/SDAIA-DATA-Engineering | J13: High
... A246: 245 | B246: منى المطيري | C246: Mona ALMUTAIRI | D246: معسكر النماذج اللغوية الكبيرة | E246: 2025 (~أكتوبر) | F246: https://www.linkedin.com/in/-mona-almutairi- | G246: — | H246: — | I246: منشور علني (~أكتوبر 2025) يوثّق إتمام برنامج تدريبي نظمته أكاديمية سدايا مع Groq: أساسيات LLM وواجهة Groq API والوكلاء والذاكرة/RAG والوكلاء الصوتيين. — https://www.linkedin.com/posts/-mona-almutairi-_aepaesaeyaeraepaejabraepaesaepaedaefaeuaepaehaey-ugcPost-7371144150433427456-ZxPM/ | J246: Medium

Sheet Program Breakdown
A1: البرنامج (Program) | B1: English | C1: مؤكد High | D1: مؤكد Medium | E1: الإجمالي المتحقق | F1: ملاحظات
A2: معسكر هندسة البيانات | B2: Data Engineering Bootcamp | C2: =SUMPRODUCT((ISNUMBER(SEARCH("معسكر هندسة البيانات",'Master Graduate List'!D2:D246)))*('Master Graduate List'!J2:J246="High")) -> 2 | D2: =SUMPRODUCT((ISNUMBER(SEARCH("معسكر هندسة البيانات",'Master Graduate List'!D2:D246)))*('Master Graduate List'!J2:J246="Medium")) -> 0 | E2: =C2+D2 -> 2 | F2: الدليل العلني على دفعة يناير 2025 (بالشراكة مع مايكروسوفت) شحيح؛ السجلان من مسح أغسطس 2026
A3: هندسة البيانات | B3: Data Engineering | C3: =SUMPRODUCT((ISNUMBER(SEARCH("هندسة البيانات",'Master Graduate List'!D2:D246)))*('Master Graduate List'!J2:J246="High"))-C2 -> 30 | D3: =SUMPRODUCT((ISNUMBER(SEARCH("هندسة البيانات",'Master Graduate List'!D2:D246)))*('Master Graduate List'!J2:J246="Medium"))-D2 -> 37 | E3: =C3+D3 -> 67 | F3: الغالبية من دفعات «هندسة البيانات الحديثة لأنظمة الذكاء الاصطناعي (DAICO)» يوليو–أغسطس 2026 عبر مشاريع تخرج علنية على GitHub
A4: ممارس تعلم الآلة | B4: Machine Learning Practitioner | C4: =SUMPRODUCT((ISNUMBER(SEARCH("ممارس تعلم الآلة",'Master Graduate List'!D2:D246)))*('Master Graduate List'!J2:J246="High")) -> 10 | D4: =SUMPRODUCT((ISNUMBER(SEARCH("ممارس تعلم الآلة",'Master Graduate List'!D2:D246)))*('Master Graduate List'!J2:J246="Medium")) -> 7 | E4: =C4+D4 -> 17 | F4: السجلات الداخلية (قوائم 2023) تضم مئات الخريجين لكن دون أدلة علنية؛ هنا العلني فقط
A5: التدريب الاحترافي في النماذج اللغوية الكبيرة | B5: LLM Professional Training | C5: =SUMPRODUCT((ISNUMBER(SEARCH("التدريب الاحترافي في النماذج اللغوية الكبيرة",'Master Graduate List'!D2:D246)))*('Master Graduate List'!J2:J246="High")) -> 3 | D5: =SUMPRODUCT((ISNUMBER(SEARCH("التدريب الاحترافي في النماذج اللغوية الكبيرة",'Master Graduate List'!D2:D246)))*('Master Graduate List'!J2:J246="Medium")) -> 0 | E5: =C5+D5 -> 3 | F5: برنامج سدايا×NVIDIA (NCA-GENL)؛ تحقق مباشر بالمتصفح 8 أغسطس 2026
A6: معسكر سدايا T5 | B6: SDAIA T5 Bootcamp | C6: =SUMPRODUCT((ISNUMBER(SEARCH("معسكر سدايا T5",'Master Graduate List'!D2:D246)))*('Master Graduate List'!J2:J246="High")) -> 81 | D6: =SUMPRODUCT((ISNUMBER(SEARCH("معسكر سدايا T5",'Master Graduate List'!D2:D246)))*('Master Graduate List'!J2:J246="Medium")) -> 71 | E6: =C6+D6 -> 152 | F6: أوسع البرامج توثيقًا علنيًا (مستودعات فرق المشاريع + GitHub)
A7: معسكر النماذج اللغوية الكبيرة | B7: LLM Bootcamp | C7: =SUMPRODUCT((ISNUMBER(SEARCH("معسكر النماذج اللغوية الكبيرة",'Master Graduate List'!D2:D246)))*('Master Graduate List'!J2:J246="High")) -> 5 | D7: =SUMPRODUCT((ISNUMBER(SEARCH("معسكر النماذج اللغوية الكبيرة",'Master Graduate List'!D2:D246)))*('Master Graduate List'!J2:J246="Medium")) -> 2 | E7: =C7+D7 -> 7 | F7: كما في ممارس تعلم الآلة: الأدلة العلنية أقل بكثير من السجلات الداخلية
A8: شهادة مصغرة في علم البيانات | B8: Data Science Micro-certificate | C8: =SUMPRODUCT((ISNUMBER(SEARCH("شهادة مصغرة في علم البيانات",'Master Graduate List'!D2:D246)))*('Master Graduate List'!J2:J246="High")) -> 0 | D8: =SUMPRODUCT((ISNUMBER(SEARCH("شهادة مصغرة في علم البيانات",'Master Graduate List'!D2:D246)))*('Master Graduate List'!J2:J246="Medium")) -> 0 | E8: =C8+D8 -> 0 | F8: لا وجود لأي أثر علني للبرنامج بهذا الاسم (بحث 8 أغسطس 2026 — 12 استعلامًا) — صفر خريجين قابلين للتوثيق علنيًا
A9: إجمالي الأفراد الفريدين (شخص واحد قد يُحسب في أكثر من برنامج) | E9: =COUNTA('Master Graduate List'!B2:B246) -> 245

Sheet Evidence Summary
A1: # | B1: الاسم | C1: البرنامج | D1: أقوى دليل علني | E1: رابط الدليل | F1: الطبقة المصدرية | G1: درجة الثقة
A2: 1 | B2: جهاد الحازمي | C2: معسكر هندسة البيانات | D2: منشور علني (~فبراير 2026) يوثّق حصوله على شهادة اجتياز معسكر هندسة البيانات وتسلّمها ضمن مؤتمر ICAN. محلل هندسة بيانات بشهادات Microsoft (Azure، Power BI، SQL، Fabric). | E2: https://www.linkedin.com/posts/jehadalhazmi_sdaia-ican-dataengineer-ugcPost-7423615489144356864-Z5Fa/ | F2: المسح العلني الموسّع — أغسطس 2026 | G2: High
A3: 2 | B3: سارة سلطان | C3: معسكر هندسة البيانات | D3: سجل مضاف في المسح العلني الموسّع (أغسطس 2026). التخصص: RAG للامتثال التنظيمي (SAMA) / معمارية Medallion. الدليل: SDAIA Modern Data Engineering Bootcamp — Final Capstone Project (June 2026) | E3: https://github.com/sarah1421/PRO_DATAENG_SDAIA | F3: المسح العلني الموسّع — أغسطس 2026 | G3: High
A4: 3 | B4: الجوهرة السبيعي | C4: هندسة البيانات | D4: سجل مضاف في المسح العلني الموسّع (أغسطس 2026). التخصص: هندسة البيانات / Data Engineering. الدليل: *Student:* Aljawharah Alsubaie *Program:* SDAIA Academy — Data Engineering for AI Systems (DAICO) *Session dates:* 19 July 2026 – 23 July 2026 *Trainer:* Mohammed Albeladi | E4: https://github.com/AljawharahAlqabbani/SDAIA-projects | F4: المسح العلني الموسّع — أغسطس 2026 | G4: High
A5: 4 | B5: بتول عسيري | C5: هندسة البيانات | D5: سجل مضاف في المسح العلني الموسّع (أغسطس 2026). التخصص: هندسة البيانات (Kafka, Delta Lake, Great Expectations, OpenLineage). الدليل: **Student:** Btool Asiri ... SDAIA Academy capstone. | E5: https://github.com/Nfnf-56/capstone-retail-pipeline | F5: المسح العلني الموسّع — أغسطس 2026 | G5: High
A6: 5 | B6: جوري الحسن | C6: هندسة البيانات | D6: سجل مضاف في المسح العلني الموسّع (أغسطس 2026). التخصص: هندسة البيانات / Data Engineering. الدليل: Student: Jory Alhassan | Program: SDAIA Academy — Modern Data Engineering for AI Systems | Session dates: 19 July 2026 – 23 July 2026 | Trainer: Mohammed Albeladi | E6: https://github.com/joryhh/data-engineering-capstone | F6: المسح العلني الموسّع — أغسطس 2026 | G6: High
A7: 6 | B7: دانة السيدان | C7: هندسة البيانات | D7: سجل مضاف في المسح العلني الموسّع (أغسطس 2026). التخصص: هندسة البيانات / Data Engineering. الدليل: **Trainees:** Waad Alsaif, Razan Almutairi, Dana Alsaidan, Layan Alameri, Shatha Bin Mana | **Program:** Modern Data Engineering for AI Systems | **Cohort Dates:** 19-07-2026 – 23-07-2026 | **Trainer:** Mohammed Albeladi | **Academy:** Built as part of SDAIA Academy | E7: https://github.com/Shatha-1/Data-engineering | F7: المسح العلني الموسّع — أغسطس 2026 | G7: High
A8: 7 | B8: رزان المطيري | C8: هندسة البيانات | D8: سجل مضاف في المسح العلني الموسّع (أغسطس 2026). التخصص: هندسة البيانات / Data Engineering. الدليل: **Trainees:** Waad Alsaif, Razan Almutairi, Dana Alsaidan, Layan Alameri, Shatha Bin Mana | **Program:** Modern Data Engineering for AI Systems | **Cohort Dates:** 19-07-2026 – 23-07-2026 | **Trainer:** Mohammed Albeladi | **Academy:** Built as part of SDAIA Academy | E8: https://github.com/Shatha-1/Data-engineering | F8: المسح العلني الموسّع — أغسطس 2026 | G8: High
A9: 8 | B9: روان القحطاني | C9: هندسة البيانات | D9: سجل مضاف في المسح العلني الموسّع (أغسطس 2026). التخصص: هندسة البيانات (Kafka, Delta Lake, RAG, Airflow). الدليل: This project was developed by team members: Alanoud Alotaibi, Rawan Alqahtani (@Rawan1H), Reem Alshathri ... This capstone project was delivered as part of the SDAIA Academy Data Engineering Training Program. | E9: https://github.com/Alanoud-Alotaibi/sdaia-capstone-data-pipeline | F9: المسح العلني الموسّع — أغسطس 2026 | G9: High
A10: 9 | B10: ريان الشريفي | C10: هندسة البيانات | D10: README: SDAIA Academy — Modern Data Engineering for AI Systems capstone، 2–6 أغسطس 2026 | E10: https://github.com/Rayan-Shareefi/smart-university-knowledge-assistant | F10: المسح المستهدف — 8 أغسطس 2026 | G10: High
A11: 10 | B11: ريما الدايل | C11: هندسة البيانات | D11: سجل مضاف في المسح العلني الموسّع (أغسطس 2026). التخصص: هندسة البيانات / Data Engineering. الدليل: Students: Ghaida Bin maadi, Shaden Alghannam, Reema AlDayel | Program: SDAIA Academy — Modern Data Engineering for AI Systems | Session dates: 19 July 2026 – 23 July 2026 | Trainer: Mohammed Albeladi | E11: https://github.com/Ghhaidaa/Data-Engineering-for-AI-System-DAICO | F11: المسح العلني الموسّع — أغسطس 2026 | G11: High
A12: 11 | B12: سند الخمالي | C12: هندسة البيانات | D12: مذكور بالاسم ضمن فريق مشروع التخرج في README المستودع أعلاه | E12: https://github.com/c3bod/sdaia-capstone-modern-data-engineering | F12: المسح المستهدف — 8 أغسطس 2026 | G12: High
A13: 12 | B13: سيف أبوخميس | C13: هندسة البيانات | D13: عضو فريق مشروع التخرج في README المستودع أعلاه | E13: https://github.com/AK7Amin/SDAIA-DATA-Engineering | F13: المسح المستهدف — 8 أغسطس 2026 | G13: High
... A246: 245 | B246: منى المطيري | C246: معسكر النماذج اللغوية الكبيرة | D246: منشور علني (~أكتوبر 2025) يوثّق إتمام برنامج تدريبي نظمته أكاديمية سدايا مع Groq: أساسيات LLM وواجهة Groq API والوكلاء والذاكرة/RAG والوكلاء الصوتيين. | E246: https://www.linkedin.com/posts/-mona-almutairi-_aepaesaeyaeraepaejabraepaesaepaedaefaeuaepaehaey-ugcPost-7371144150433427456-ZxPM/ | F246: المسح العلني الموسّع — أغسطس 2026 | G246: Medium

Sheet Unverified Leads
A1: # | B1: الاسم العربي | C1: الاسم الإنجليزي | D1: البرنامج المرجّح | E1: السنة | F1: روابط | G1: سبب عدم التحقق / الدليل غير الكافي
A2: 1 | B2: تركي (aaturki) | C2: Turki | D2: معسكر النماذج اللغوية الكبيرة | E2: غير محدد (~2023–2024) | F2: https://github.com/aaturki | G2: 🆕 انتساب معلن ذاتيًا عبر مستودعي sdaia_LLM (13 commit، 5 نجوم) وsdaia_clouders؛ تاريخ الدفعة تعذّر توثيقه. التخصص: GitHub Developer Program Member; 29 public repos incl. sdaia_LLM.
A3: 2 | B3: جيهان حمدان | C3: Jehan Hamdan | D3: معسكر سدايا T5 | E3: يوليو–أكتوبر 2024 | F3: https://github.com/Je-97 | G3: مؤكدة التخرج: مستودع SDAIA-T5-Tuwaiq أُنشئ 26 يوليو 2024 ويضم 185 commit عبر تسعة أسابيع من المنهج. تعريفها الذاتي «طالبة علوم بيانات»؛ لم يُعثر على جهة عمل.
A4: 3 | B4: سما الحربي | C4: Sama Alharbi | D4: معسكر سدايا T5 | E4: ~2024 | F4: https://github.com/samaalharbi2/AGRONA-Plant-Disease-Detection | G4: مؤكدة التخرج: مستودع SDAIA-T5-BootCamp أُنشئ 26 يوليو 2024، ومن مشاريعه «مراقبة المركبات غير الملتزمة بمسافة الأمان» (YOLO + OCR). لم يُعثر على جهة عمل.
A5: 4 | B5: لينا العنزي | C5: Lena Alenazi | D5: معسكر سدايا T5 | E5: 2024 | F5: https://www.linkedin.com/in/lena-alenazi/ | https://github.com/lenaAlenazi/Bootcamp-SDAIA-T5 | G5: 🏆 جائزة مركز «ذكاء» (منشآت) عن مشروع CLQC لتصنيف أمراض أوراق البُن، ومشروع GreenGuard ضمن أفضل 3 مشاريع بالمعسكر (روبوت زراعي برؤية حاسوبية). شهادات: AWS Data Engineer وCloud Practitioner وGoogle Data Analytics. التخصص: Deep learning (coffee leaf disease classification), IoT.
A6: 5 | B6: أسماء الزهراني | C6: Asma Alzahrani | D6: معسكر النماذج اللغوية الكبيرة | E6: 2023–2024 | F6: https://www.linkedin.com/in/asma-alzahrani-/ | G6: تحوّل موثّق بمنشوراتها العامة من متدربة تعاونية إلى موظفة في سدايا. عرضت بحثًا في ScholarCon 2025 عن ضبط XGBoost لكشف الاحتيال المالي. شهادة SysOps (طويق × AWS).
A7: 6 | B7: أسيل بن طلحة | C7: Aseel Bin Talhah | D7: معسكر سدايا T5 | E7: غير معروفة | F7: https://www.linkedin.com/in/aseel-bin-talhah-3257b417b/ | G7: التوظيف موثّق بمصدرين؛ مسمّى «أولى/Senior» مؤشر ترقية غير مؤرَّخ. انتساب سدايا من تطابق فهرسة فقط.
A8: 7 | B8: معاذ الغامدي | C8: Muath A. Al-Ghamdi | D8: معسكر سدايا T5 | E8: غير معروفة | F8: https://www.linkedin.com/in/muath-al-ghamdi/ | G8: التوظيف موثّق بمصدرين؛ مؤشر ترقية «Senior» غير مؤرَّخ. انتساب سدايا يتطلب تأكيدًا.
A9: 8 | B9: الهنوف الحميد | C9: Alhanouf Alhumid | D9: معسكر سدايا T5 | E9: — | F9: https://github.com/alhanoufalh | G9: عضوة خامسة في فريق مشروع التخرج RASYD (كشف مخالفات دراجات التوصيل) — اكتشاف جديد من قراءة ملف المشروع الرسمي. معسكر T5 أكتوبر 2024. لم يُعثر على جهة عمل.
A10: 9 | B10: شروق عبدالله | C10: Shroaq Abdullah | D10: معسكر سدايا T5 | E10: 2021 | F10: https://github.com/shroaqabdullah/MTA-Shroaq | G10: مؤكدة التخرج بمستودع MTA-Shroaq الموصوف «أول مشروع في معسكر T5 لعلوم البيانات» بتواريخ commits 1 أكتوبر – 23 نوفمبر 2021 (مؤكدة بالاستنساخ) — أي ضمن موجة خريف 2021.
A11: 10 | B11: علي التميمي | C11: Ali Al-Tamimi | D11: معسكر سدايا T5 | E11: 2021 | F11: https://www.linkedin.com/in/ali-al-tamimi/ | https://github.com/firasmalik/T5C06 | G11: تخرجه مؤكد بمصدرين: مؤلفية commits في كشف فصل C06، ومستودعان مستقلان مؤرخان — SDAIA_Classification (30 أكتوبر 2021) وSDAIA_CNN لكشف كوفيد-19 من أشعة الصدر (2 ديسمبر 2021). لم يُعثر على جهة عمل.
A12: 11 | B12: حصة الشريهي | C12: Hssah Alsharihi | D12: معسكر سدايا T5 | E12: 2024 | F12: https://www.linkedin.com/in/hssah-alsherihi-658b25216 | https://github.com/HssahSaad/T5_BootCamp | G12: مستودع المعسكر أُنشئ 1 أكتوبر 2024، ومشروع التخرج ClearPath (رؤية حاسوبية) موصوف بأنه «ضمن أفضل المشاريع» بالمعسكر. لم يُعثر على جهة عمل. التخصص: AI and data science — analysis and visualization; Python, SQL, TensorFlow, PyTorch, scikit-learn, OpenCV.
A13: 12 | B13: سلطان محفوظ | C13: Sultan Mahfouz | D13: معسكر سدايا T5 | E13: 2021 | F13: https://github.com/Sultanmahfouz/Tuwaiq_Final_Project | G13: مرشح قوي لدفعة أكتوبر 2021 الأولى (الـ35 خريجًا): مستودع «Metis & Sdaia final project of data science & ML Bootcamp» بتواريخ commits 7–21 أكتوبر 2021 (مؤكدة بالاستنساخ) — أي مشروع نهائي مكتمل في أكتوبر 2021. التخصص: Mobile app development with Flutter.
... A39: 38 | B39: خالد الزهراني | C39: Khalid Alzahrani | D39: هندسة البيانات | E39: ~يوليو 2026 | F39: https://github.com/khalidalzzahranii-eng | G39: منصة ذكاء دعم العملاء بنفس قالب مشروع تخرج DAICO؛ الإسناد لسدايا وارد في اسم المستودع فقط («…-sdaia-») وREADME بلا سطر إسناد صريح — ثقة منخفضة-متوسطة.
A40: 39 | C40: Tamara Alotaibi | D40: التدريب الاحترافي في النماذج اللغوية الكبيرة | E40: — | F40: https://www.linkedin.com/in/tamara-alotaibi-0a7a50294/ | G40: ظهر ملفها في بحث العبارة الحرفية «التدريب الاحترافي في النماذج اللغوية الكبيرة» (مرتين)؛ فحص المتصفح 8 أغسطس لم يُظهر دليلًا في المنشورات، وقسم الشهادات يتطلب تسجيل دخول
A41: 40 | C41: Rahaf Nadeem | D41: التدريب الاحترافي في النماذج اللغوية الكبيرة | E41: — | F41: https://www.linkedin.com/in/rahaf-nadeem-/ | G41: ظهرت في بحث العبارة الحرفية للبرنامج؛ الملف العام بلا منشورات ولا دليل ظاهر
A42: 41 | C42: Kholoud Alghamdi | D42: التدريب الاحترافي في النماذج اللغوية الكبيرة | E42: — | F42: https://www.linkedin.com/in/kholoud-algahmdi/ | G42: ظهرت في بحث العبارة الحرفية؛ الرابط يعيد 404 حاليًا (تغيّر المعرف أو حُذف الحساب)
A43: 42 | C43: Rahaf Fahad | D43: التدريب الاحترافي في النماذج اللغوية الكبيرة | E43: — | F43: https://www.linkedin.com/in/rahaf-fahad-2a0a5b2b8/ | G43: ظهرت فقط في استعلام غير حرفي (أتممت/اجتزت)؛ لم تتكرر في البحث الحرفي
A44: 43 | C44: Alhanouf Alamri | D44: التدريب الاحترافي في النماذج اللغوية الكبيرة | E44: — | F44: https://www.linkedin.com/in/alhanouf-alamri/ | G44: ظهرت فقط في استعلام غير حرفي؛ لم تتكرر في البحث الحرفي
A45: 44 | C45: Ahmed Alghamdi | D45: التدريب الاحترافي في النماذج اللغوية الكبيرة | E45: 2025 | F45: https://www.linkedin.com/posts/ahmed-alghamdi-11931b228_i-was-delighted-to-receive-the-artificial-activity-7363893142489567232-MzCL | G45: منشور عن استلام شهادة ذكاء اصطناعي/توليدي من سدايا — البرنامج غير مسمّى صراحة
A46: 45 | C46: Mohammad Yusif | D46: هندسة البيانات | E46: 2026 | F46: https://github.com/MohammadYusif | G46: نشر موقع Quarto لمواد «Modern Data Engineering for AI Systems — SDAIA Academy» — قد يكون متدربًا أو من الكادر التدريبي
A47: 46 | C47: (username) salhuwirini-beep | D47: هندسة البيانات | E47: 2026 | F47: https://github.com/salhuwirini-beep | G47: مستودع مشروع تخرج «SDAIA Academy capstone» مكتمل لكن دون اسم شخصي معلن

Sheet Research Statistics
A1: المؤشر (Metric) | B1: القيمة | C1: ملاحظة
A2: إجمالي المرشحين المكتشفين (Total candidates discovered) | B2: 302 | C2: زجّ 267 سجلًا علني الأدلة من قاعدة البيانات (بعد دمج مكرر) + 35 مرشحًا جديدًا من المسح المستهدف 8 أغسطس 2026
A3: إجمالي الخريجين المتحققين (Total verified) | B3: =COUNTA('Master Graduate List'!B2:B246) -> 245 | C3: High + Medium
A4: الفريدون بعد إزالة التكرار (Unique after dedup) | B4: =COUNTA('Master Graduate List'!B2:B246) -> 245 | C4: صفّ واحد لكل شخص؛ البرامج المتعددة مدمجة في عمود البرنامج
A5: درجة ثقة عالية (High confidence) | B5: =COUNTIF('Master Graduate List'!J2:J246,"High") -> 129 | C5: دليل علني يسمّي البرنامج صراحة
A6: درجة ثقة متوسطة (Medium confidence) | B6: =COUNTIF('Master Graduate List'!J2:J246,"Medium") -> 116 | C6: دليل علني قوي غير حرفي
A7: لديهم LinkedIn | B7: =SUMPRODUCT(--('Master Graduate List'!F2:F246<>"—")) -> 58
A8: لديهم GitHub | B8: =SUMPRODUCT(--('Master Graduate List'!G2:G246<>"—")) -> 227
A9: لديهم موقع/بورتفوليو | B9: =SUMPRODUCT(--('Master Graduate List'!H2:H246<>"—")) -> 0 | C9: روابط وسطاء البيانات (ZoomInfo وأمثالها) محظورة وفق معيار المصادر
A10: خريجو أكثر من برنامج مستهدف واحد | B10: =SUMPRODUCT(--(ISNUMBER(SEARCH("+",'Master Graduate List'!D2:D246)))) -> 3
A11: سجلات مستبعدة/مكررة (Excluded/duplicates) | B11: 57 | C11: 46 في قائمة غير المتحققين + 6 ملفات فُحصت بالمتصفح واستُبعدت + 1 مكرر داخلي مدموج (هيفاء أحمد السلمي #287/#523) + 4 اكتشافات جديدة تبيّن أنها سجلات قائمة
A13: منهجية: العمود «القيمة» يُحسب بصيغ حية من ورقة Master Graduate List حيث أمكن؛ القيم الثابتة (المكتشفون/المستبعدون) من سجل جولة البحث 8 أغسطس 2026: القاعدة الخلفية = سجلات الطبقات العلنية في Graduates_Database.xlsx (نسخة 6 أغسطس 2026)؛ المسح الجديد = 3 وكلاء بحث (41 استعلامًا) + تحقق متصفح مباشر من 11 ملف LinkedIn.
